Game Turn, City, Production Added, Current Item, Current Production, Production Needed
60, LOC_CITY_NAME_XIAN, 13.2, BUILDING_GRANARY, 26.5, 65
60, LOC_CITY_NAME_BEIJING, 6.0, UNIT_GALLEY, 63.5, 65
60, LOC_CITY_NAME_KYOTO, 13.8, BUILDING_SHRINE, 67.2, 70
60, LOC_CITY_NAME_FUKUOKA, 15.0, DISTRICT_HOLY_SITE, 115.2, 107
60, LOC_CITY_NAME_YOKOHAMA, 2.5, UNIT_TRADER, 10.0, 55
60, LOC_CITY_NAME_WASHINGTON, 14.3, BUILDING_WATER_MILL, 42.9, 80
60, LOC_CITY_NAME_PHILADELPHIA, 7.8, DISTRICT_CAMPUS, 68.5, 107
60, LOC_CITY_NAME_MADRID, 10.0, BUILDING_SHRINE, 69.6, 70
60, LOC_CITY_NAME_BARCELONA, 8.8, BUILDING_ORACLE, 97.8, 290
60, LOC_CITY_NAME_RA_KEDET, 8.4, BUILDING_SHRINE, 66.0, 70
60, LOC_CITY_NAME_MEMPHIS, 4.6, UNIT_GALLEY, 30.7, 65
60, LOC_CITY_NAME_SHEDET, 3.6, BUILDING_MONUMENT, 3.6, 60
60, LOC_CITY_NAME_MBANZA_KONGO, 14.4, UNIT_SETTLER, 74.0, 110
60, LOC_CITY_NAME_MBUMBI, 5.4, UNIT_ARCHER, 17.4, 60
60, LOC_CITY_NAME_TENOCHTITLAN, 7.5, UNIT_SCOUT, 33.6, 30
60, LOC_CITY_NAME_TEOTIHUACAN, 6.2, UNIT_SCOUT, 18.8, 30
60, LOC_CITY_NAME_JAKARTA, 18.0, UNIT_ARCHER, 73.3, 60
60, LOC_CITY_NAME_HATTUSA, 6.5, PROJECT_ENHANCE_DISTRICT_CAMPUS, 46.8, 60
60, LOC_CITY_NAME_ZANZIBAR, 6.1, BUILDING_MARKET, 84.3, 120
60, LOC_CITY_NAME_JERUSALEM, 10.8, UNIT_ARCHER, 64.8, 60
60, LOC_CITY_NAME_VALLETTA, 13.5, UNIT_HORSEMAN, 30.9, 80
60, LOC_CITY_NAME_PRESLAV, 5.4, UNIT_ARCHER, 34.2, 60
60, LOC_CITY_NAME_LISBON, 15.0, UNIT_ARCHER, 45.8, 60
60, LOC_CITY_NAME_CARTHAGE, 8.1, UNIT_ARCHER, 58.9, 60
60, LOC_CITY_NAME_KABUL, 15.8, UNIT_ARCHER, 66.3, 60
60, LOC_CITY_NAME_MOHENJO_DARO, 2.2, UNIT_TRADER, 52.5, 53
60, LOC_CITY_NAME_AMSTERDAM, 9.5, UNIT_BUILDER, 50.3, 54
60, LOC_CITY_NAME_PALENQUE, 4.1, BUILDING_WALLS, 40.5, 80
60, LOC_CITY_NAME_STOCKHOLM, 5.4, BUILDING_LIBRARY, 58.3, 90
60, LOC_CITY_NAME_ARMAGH, 6.0, PROJECT_ENHANCE_DISTRICT_HOLY_SITE, 41.5, 56
60, LOC_CITY_NAME_KANDY, 11.6, UNIT_BUILDER, 41.8, 54
60, LOC_CITY_NAME_KUMASI, 13.2, UNIT_ARCHER, 52.2, 60
60, LOC_CITY_NAME_GRANADA, 17.6, UNIT_ARCHER, 74.6, 60
60, LOC_CITY_NAME_BRUSSELS, 13.5, UNIT_ARCHER, 56.2, 60
61, LOC_CITY_NAME_ROME, 11.5, DISTRICT_ENCAMPMENT, 88.9, 117
61, LOC_CITY_NAME_XIAN, 13.2, BUILDING_GRANARY, 39.7, 65
61, LOC_CITY_NAME_BEIJING, 6.0, UNIT_GALLEY, 69.5, 65
61, LOC_CITY_NAME_KYOTO, 14.4, BUILDING_SHRINE, 81.6, 70
61, LOC_CITY_NAME_FUKUOKA, 15.7, UNIT_SETTLER, 15.7, 140
61, LOC_CITY_NAME_YOKOHAMA, 2.5, UNIT_TRADER, 12.5, 56
61, LOC_CITY_NAME_WASHINGTON, 14.3, BUILDING_WATER_MILL, 57.2, 80
61, LOC_CITY_NAME_PHILADELPHIA, 7.8, DISTRICT_CAMPUS, 76.3, 107
61, LOC_CITY_NAME_MADRID, 10.0, BUILDING_SHRINE, 79.6, 70
61, LOC_CITY_NAME_BARCELONA, 8.8, BUILDING_ORACLE, 106.6, 290
61, LOC_CITY_NAME_RA_KEDET, 9.6, BUILDING_SHRINE, 75.6, 70
61, LOC_CITY_NAME_MEMPHIS, 4.6, UNIT_GALLEY, 35.3, 65
61, LOC_CITY_NAME_SHEDET, 3.6, BUILDING_MONUMENT, 7.2, 60
61, LOC_CITY_NAME_MBANZA_KONGO, 14.4, UNIT_SETTLER, 88.4, 110
61, LOC_CITY_NAME_MBUMBI, 5.4, UNIT_ARCHER, 22.8, 60
61, LOC_CITY_NAME_TENOCHTITLAN, 13.6, UNIT_ARCHER, 13.6, 60
61, LOC_CITY_NAME_TEOTIHUACAN, 6.2, UNIT_SCOUT, 25.0, 30
61, LOC_CITY_NAME_JAKARTA, 31.3, UNIT_ARCHER, 31.3, 60
61, LOC_CITY_NAME_HATTUSA, 6.5, PROJECT_ENHANCE_DISTRICT_CAMPUS, 53.2, 60
61, LOC_CITY_NAME_ZANZIBAR, 6.1, BUILDING_MARKET, 90.3, 120
61, LOC_CITY_NAME_JERUSALEM, 29.1, DISTRICT_HOLY_SITE, 29.1, 107
61, LOC_CITY_NAME_VALLETTA, 13.5, UNIT_HORSEMAN, 44.4, 80
61, LOC_CITY_NAME_VALLETTA, 135.0, UNIT_HORSEMAN, 179.4, 80
61, LOC_CITY_NAME_PRESLAV, 5.4, UNIT_ARCHER, 39.6, 60
61, LOC_CITY_NAME_LISBON, 15.0, UNIT_ARCHER, 60.8, 60
61, LOC_CITY_NAME_CARTHAGE, 8.1, UNIT_ARCHER, 67.0, 60
61, LOC_CITY_NAME_KABUL, 22.0, UNIT_ARCHER, 22.0, 60
61, LOC_CITY_NAME_MOHENJO_DARO, 2.2, UNIT_TRADER, 54.8, 53
61, LOC_CITY_NAME_AMSTERDAM, 9.5, UNIT_BUILDER, 59.8, 54
61, LOC_CITY_NAME_PALENQUE, 4.1, BUILDING_WALLS, 44.6, 80
61, LOC_CITY_NAME_STOCKHOLM, 5.9, BUILDING_LIBRARY, 64.2, 90
61, LOC_CITY_NAME_ARMAGH, 6.0, PROJECT_ENHANCE_DISTRICT_HOLY_SITE, 47.5, 56
61, LOC_CITY_NAME_KANDY, 11.6, UNIT_BUILDER, 53.3, 54
61, LOC_CITY_NAME_KUMASI, 13.2, UNIT_ARCHER, 65.4, 60
61, LOC_CITY_NAME_GRANADA, 32.2, UNIT_ARCHER, 32.2, 60
61, LOC_CITY_NAME_BRUSSELS, 13.5, UNIT_ARCHER, 69.7, 60
62, LOC_CITY_NAME_ROME, 11.5, DISTRICT_ENCAMPMENT, 100.4, 117
62, LOC_CITY_NAME_XIAN, 13.8, BUILDING_GRANARY, 53.5, 65
62, LOC_CITY_NAME_BEIJING, 12.0, UNIT_WARRIOR, 12.0, 40
62, LOC_CITY_NAME_KYOTO, 33.2, UNIT_BUILDER, 33.2, 62
62, LOC_CITY_NAME_FUKUOKA, 7.5, UNIT_SETTLER, 23.2, 140
62, LOC_CITY_NAME_YOKOHAMA, 2.5, UNIT_TRADER, 15.0, 56
62, LOC_CITY_NAME_WASHINGTON, 13.0, BUILDING_WATER_MILL, 70.2, 80
62, LOC_CITY_NAME_PHILADELPHIA, 6.5, DISTRICT_CAMPUS, 82.8, 107
62, LOC_CITY_NAME_MADRID, 22.1, UNIT_GALLEY, 22.1, 65
62, LOC_CITY_NAME_BARCELONA, 8.8, BUILDING_ORACLE, 115.3, 290
62, LOC_CITY_NAME_RA_KEDET, 17.6, UNIT_SETTLER, 17.6, 140
62, LOC_CITY_NAME_MEMPHIS, 4.6, UNIT_GALLEY, 39.9, 65
62, LOC_CITY_NAME_SHEDET, 3.6, BUILDING_MONUMENT, 10.8, 60
62, LOC_CITY_NAME_MBANZA_KONGO, 14.4, UNIT_SETTLER, 102.8, 110
62, LOC_CITY_NAME_MBUMBI, 5.4, UNIT_ARCHER, 28.2, 60
62, LOC_CITY_NAME_TENOCHTITLAN, 7.5, UNIT_ARCHER, 21.1, 60
62, LOC_CITY_NAME_TEOTIHUACAN, 6.2, UNIT_SCOUT, 31.2, 30
62, LOC_CITY_NAME_JAKARTA, 18.0, UNIT_ARCHER, 49.3, 60
62, LOC_CITY_NAME_HATTUSA, 6.5, PROJECT_ENHANCE_DISTRICT_CAMPUS, 59.8, 60
62, LOC_CITY_NAME_ZANZIBAR, 6.1, BUILDING_MARKET, 96.4, 120
62, LOC_CITY_NAME_JERUSALEM, 24.3, DISTRICT_HOLY_SITE, 53.4, 107
62, LOC_CITY_NAME_PRESLAV, 5.4, UNIT_ARCHER, 45.0, 60
62, LOC_CITY_NAME_LISBON, 15.8, UNIT_ARCHER, 15.8, 60
62, LOC_CITY_NAME_CARTHAGE, 15.1, UNIT_ARCHER, 15.1, 60
62, LOC_CITY_NAME_KABUL, 15.8, UNIT_ARCHER, 37.8, 60
62, LOC_CITY_NAME_MOHENJO_DARO, 4.0, BUILDING_MONUMENT, 4.0, 60
62, LOC_CITY_NAME_AMSTERDAM, 24.7, DISTRICT_COMMERCIAL_HUB, 24.7, 102
62, LOC_CITY_NAME_AMSTERDAM, 228.0, DISTRICT_COMMERCIAL_HUB, 252.7, 102
62, LOC_CITY_NAME_PALENQUE, 4.1, BUILDING_WALLS, 48.6, 80
62, LOC_CITY_NAME_STOCKHOLM, 5.9, BUILDING_LIBRARY, 70.0, 90
62, LOC_CITY_NAME_ARMAGH, 6.0, PROJECT_ENHANCE_DISTRICT_HOLY_SITE, 53.5, 56
62, LOC_CITY_NAME_KANDY, 11.6, UNIT_BUILDER, 64.9, 54
62, LOC_CITY_NAME_KUMASI, 18.6, UNIT_ARCHER, 18.6, 60
62, LOC_CITY_NAME_GRANADA, 17.6, UNIT_ARCHER, 49.7, 60
62, LOC_CITY_NAME_BRUSSELS, 23.2, UNIT_ARCHER, 23.2, 60
63, LOC_CITY_NAME_ROME, 11.5, DISTRICT_ENCAMPMENT, 112.0, 117
63, LOC_CITY_NAME_XIAN, 13.8, BUILDING_GRANARY, 67.2, 65
63, LOC_CITY_NAME_BEIJING, 7.5, UNIT_WARRIOR, 19.5, 40
63, LOC_CITY_NAME_KYOTO, 21.6, UNIT_BUILDER, 54.8, 62
63, LOC_CITY_NAME_FUKUOKA, 7.5, UNIT_SETTLER, 30.7, 140
63, LOC_CITY_NAME_YOKOHAMA, 2.5, UNIT_TRADER, 17.5, 56
63, LOC_CITY_NAME_WASHINGTON, 13.0, BUILDING_WATER_MILL, 83.2, 80
63, LOC_CITY_NAME_PHILADELPHIA, 6.5, DISTRICT_CAMPUS, 89.3, 107
63, LOC_CITY_NAME_MADRID, 12.5, UNIT_GALLEY, 34.6, 65
63, LOC_CITY_NAME_BARCELONA, 8.8, BUILDING_ORACLE, 124.1, 290
63, LOC_CITY_NAME_RA_KEDET, 13.2, UNIT_SETTLER, 30.8, 140
63, LOC_CITY_NAME_MEMPHIS, 4.6, UNIT_GALLEY, 44.5, 65
63, LOC_CITY_NAME_SHEDET, 3.6, BUILDING_MONUMENT, 14.4, 60
63, LOC_CITY_NAME_MBANZA_KONGO, 14.4, UNIT_SETTLER, 117.2, 110
63, LOC_CITY_NAME_MBUMBI, 5.4, UNIT_ARCHER, 33.6, 60
63, LOC_CITY_NAME_TENOCHTITLAN, 10.0, UNIT_ARCHER, 31.1, 60
63, LOC_CITY_NAME_TEOTIHUACAN, 7.5, DISTRICT_CAMPUS, 7.5, 107
63, LOC_CITY_NAME_JAKARTA, 18.0, UNIT_ARCHER, 67.3, 60
63, LOC_CITY_NAME_HATTUSA, 6.5, PROJECT_ENHANCE_DISTRICT_CAMPUS, 66.2, 60
63, LOC_CITY_NAME_ZANZIBAR, 6.1, BUILDING_MARKET, 102.4, 120
63, LOC_CITY_NAME_JERUSALEM, 24.3, DISTRICT_HOLY_SITE, 77.7, 107
63, LOC_CITY_NAME_VALLETTA, 18.0, UNIT_HORSEMAN, 18.0, 80
63, LOC_CITY_NAME_PRESLAV, 5.4, UNIT_ARCHER, 50.4, 60
63, LOC_CITY_NAME_LISBON, 15.0, UNIT_ARCHER, 30.8, 60
63, LOC_CITY_NAME_CARTHAGE, 8.1, UNIT_ARCHER, 23.2, 60
63, LOC_CITY_NAME_KABUL, 15.8, UNIT_ARCHER, 53.5, 60
63, LOC_CITY_NAME_MOHENJO_DARO, 2.2, BUILDING_MONUMENT, 6.2, 60
63, LOC_CITY_NAME_PALENQUE, 4.1, BUILDING_WALLS, 52.7, 80
63, LOC_CITY_NAME_STOCKHOLM, 5.9, BUILDING_LIBRARY, 75.9, 90
63, LOC_CITY_NAME_ARMAGH, 6.5, PROJECT_ENHANCE_DISTRICT_HOLY_SITE, 60.0, 56
63, LOC_CITY_NAME_KANDY, 14.7, BUILDING_GRANARY, 14.7, 65
63, LOC_CITY_NAME_KUMASI, 13.2, UNIT_ARCHER, 31.8, 60
63, LOC_CITY_NAME_GRANADA, 17.6, UNIT_ARCHER, 67.3, 60
63, LOC_CITY_NAME_BRUSSELS, 13.5, UNIT_ARCHER, 36.7, 60
64, LOC_CITY_NAME_ROME, 10.5, DISTRICT_ENCAMPMENT, 122.5, 117
64, LOC_CITY_NAME_XIAN, 16.0, BUILDING_WALLS, 16.0, 80
64, LOC_CITY_NAME_BEIJING, 7.5, UNIT_WARRIOR, 27.0, 40
64, LOC_CITY_NAME_KYOTO, 21.6, UNIT_BUILDER, 76.4, 62
64, LOC_CITY_NAME_FUKUOKA, 7.5, UNIT_SETTLER, 38.2, 140
64, LOC_CITY_NAME_YOKOHAMA, 3.8, UNIT_TRADER, 21.2, 56
64, LOC_CITY_NAME_WASHINGTON, 17.5, UNIT_HEAVY_CHARIOT, 17.5, 65
64, LOC_CITY_NAME_PHILADELPHIA, 6.5, DISTRICT_CAMPUS, 95.8, 107
64, LOC_CITY_NAME_MADRID, 12.5, UNIT_GALLEY, 47.1, 65
64, LOC_CITY_NAME_BARCELONA, 8.8, BUILDING_ORACLE, 132.8, 290
64, LOC_CITY_NAME_RA_KEDET, 13.2, UNIT_SETTLER, 44.0, 140
64, LOC_CITY_NAME_MEMPHIS, 4.6, UNIT_GALLEY, 49.1, 65
64, LOC_CITY_NAME_SHEDET, 3.6, BUILDING_MONUMENT, 18.0, 60
64, LOC_CITY_NAME_MBANZA_KONGO, 28.8, UNIT_WARRIOR, 28.8, 40
64, LOC_CITY_NAME_MBUMBI, 5.4, UNIT_ARCHER, 39.0, 60
64, LOC_CITY_NAME_TENOCHTITLAN, 7.5, UNIT_AZTEC_EAGLE_WARRIOR, 7.5, 65
64, LOC_CITY_NAME_TEOTIHUACAN, 6.2, DISTRICT_CAMPUS, 13.8, 107
64, LOC_CITY_NAME_JAKARTA, 13.1, UNIT_ARCHER, 13.1, 60
64, LOC_CITY_NAME_HATTUSA, 12.8, PROJECT_ENHANCE_DISTRICT_CAMPUS, 12.8, 60
64, LOC_CITY_NAME_ZANZIBAR, 6.1, BUILDING_MARKET, 108.5, 120
64, LOC_CITY_NAME_JERUSALEM, 24.3, DISTRICT_HOLY_SITE, 102.0, 107
64, LOC_CITY_NAME_VALLETTA, 13.5, UNIT_HORSEMAN, 31.5, 80
64, LOC_CITY_NAME_PRESLAV, 5.4, UNIT_ARCHER, 55.8, 60
64, LOC_CITY_NAME_LISBON, 15.0, UNIT_ARCHER, 45.8, 60
64, LOC_CITY_NAME_CARTHAGE, 8.1, UNIT_ARCHER, 31.3, 60
64, LOC_CITY_NAME_KABUL, 15.8, UNIT_ARCHER, 69.3, 60
64, LOC_CITY_NAME_MOHENJO_DARO, 6.8, UNIT_ARCHER, 6.8, 60
64, LOC_CITY_NAME_AMSTERDAM, 10.8, UNIT_ARCHER, 10.8, 60
64, LOC_CITY_NAME_PALENQUE, 4.1, BUILDING_WALLS, 56.7, 80
64, LOC_CITY_NAME_STOCKHOLM, 5.9, BUILDING_LIBRARY, 81.7, 90
64, LOC_CITY_NAME_ARMAGH, 10.5, PROJECT_ENHANCE_DISTRICT_HOLY_SITE, 10.5, 56
64, LOC_CITY_NAME_KANDY, 3.9, BUILDING_GRANARY, 18.6, 65
64, LOC_CITY_NAME_KUMASI, 13.2, UNIT_ARCHER, 45.0, 60
64, LOC_CITY_NAME_GRANADA, 24.8, UNIT_ARCHER, 24.8, 60
64, LOC_CITY_NAME_BRUSSELS, 13.5, UNIT_ARCHER, 50.2, 60
65, LOC_CITY_NAME_ROME, 21.2, UNIT_ARCHER, 21.2, 60
65, LOC_CITY_NAME_XIAN, 13.8, BUILDING_WALLS, 29.7, 80
65, LOC_CITY_NAME_BEIJING, 8.8, UNIT_WARRIOR, 35.8, 40
65, LOC_CITY_NAME_KYOTO, 36.0, UNIT_BUILDER, 36.0, 66
65, LOC_CITY_NAME_FUKUOKA, 7.5, UNIT_SETTLER, 45.7, 140
65, LOC_CITY_NAME_YOKOHAMA, 5.0, UNIT_TRADER, 26.2, 59
65, LOC_CITY_NAME_WASHINGTON, 14.3, UNIT_HEAVY_CHARIOT, 31.8, 65
65, LOC_CITY_NAME_PHILADELPHIA, 6.5, DISTRICT_CAMPUS, 102.3, 107
65, LOC_CITY_NAME_MADRID, 12.5, UNIT_GALLEY, 59.6, 65
65, LOC_CITY_NAME_BARCELONA, 8.8, BUILDING_ORACLE, 141.6, 290
65, LOC_CITY_NAME_RA_KEDET, 13.2, UNIT_SETTLER, 57.2, 140
65, LOC_CITY_NAME_MEMPHIS, 4.6, UNIT_GALLEY, 53.7, 65
65, LOC_CITY_NAME_SHEDET, 3.6, BUILDING_MONUMENT, 21.6, 60
65, LOC_CITY_NAME_MBANZA_KONGO, 21.6, UNIT_WARRIOR, 50.4, 40
65, LOC_CITY_NAME_MBUMBI, 5.4, UNIT_ARCHER, 44.4, 60
65, LOC_CITY_NAME_TENOCHTITLAN, 10.0, UNIT_AZTEC_EAGLE_WARRIOR, 17.5, 65
65, LOC_CITY_NAME_TEOTIHUACAN, 6.2, DISTRICT_CAMPUS, 20.0, 107
65, LOC_CITY_NAME_JAKARTA, 5.9, UNIT_ARCHER, 19.0, 60
65, LOC_CITY_NAME_HATTUSA, 6.5, PROJECT_ENHANCE_DISTRICT_CAMPUS, 19.2, 60
65, LOC_CITY_NAME_ZANZIBAR, 6.1, BUILDING_MARKET, 114.5, 120
65, LOC_CITY_NAME_JERUSALEM, 24.3, DISTRICT_HOLY_SITE, 126.4, 107
65, LOC_CITY_NAME_VALLETTA, 13.5, UNIT_HORSEMAN, 45.0, 80
65, LOC_CITY_NAME_VALLETTA, 135.0, UNIT_HORSEMAN, 180.0, 80
65, LOC_CITY_NAME_PRESLAV, 5.4, UNIT_ARCHER, 61.2, 60
65, LOC_CITY_NAME_LISBON, 15.0, UNIT_ARCHER, 60.8, 60
65, LOC_CITY_NAME_CARTHAGE, 8.1, UNIT_ARCHER, 39.5, 60
65, LOC_CITY_NAME_KABUL, 25.0, UNIT_ARCHER, 25.0, 60
65, LOC_CITY_NAME_MOHENJO_DARO, 6.8, UNIT_ARCHER, 13.5, 60
65, LOC_CITY_NAME_AMSTERDAM, 8.1, UNIT_ARCHER, 18.9, 60
65, LOC_CITY_NAME_PALENQUE, 4.1, BUILDING_WALLS, 60.8, 80
65, LOC_CITY_NAME_STOCKHOLM, 5.9, BUILDING_LIBRARY, 87.6, 90
65, LOC_CITY_NAME_ARMAGH, 7.0, PROJECT_ENHANCE_DISTRICT_HOLY_SITE, 17.5, 56
65, LOC_CITY_NAME_KANDY, 3.9, BUILDING_GRANARY, 22.4, 65
65, LOC_CITY_NAME_KUMASI, 13.2, UNIT_ARCHER, 58.2, 60
65, LOC_CITY_NAME_GRANADA, 17.6, UNIT_ARCHER, 42.4, 60
65, LOC_CITY_NAME_BRUSSELS, 13.5, UNIT_ARCHER, 63.7, 60
66, LOC_CITY_NAME_ROME, 15.8, UNIT_ARCHER, 37.0, 60
66, LOC_CITY_NAME_XIAN, 13.8, BUILDING_WALLS, 43.5, 80
66, LOC_CITY_NAME_BEIJING, 8.8, UNIT_WARRIOR, 44.5, 40
66, LOC_CITY_NAME_KYOTO, 21.6, UNIT_BUILDER, 57.6, 66
66, LOC_CITY_NAME_FUKUOKA, 7.5, UNIT_SETTLER, 53.2, 140
66, LOC_CITY_NAME_YOKOHAMA, 5.0, UNIT_TRADER, 31.2, 59
66, LOC_CITY_NAME_WASHINGTON, 14.3, UNIT_HEAVY_CHARIOT, 46.1, 65
66, LOC_CITY_NAME_PHILADELPHIA, 8.8, DISTRICT_CAMPUS, 111.0, 107
66, LOC_CITY_NAME_MADRID, 12.5, UNIT_GALLEY, 72.1, 65
66, LOC_CITY_NAME_BARCELONA, 8.8, BUILDING_ORACLE, 150.3, 290
66, LOC_CITY_NAME_RA_KEDET, 13.2, UNIT_SETTLER, 70.4, 140
66, LOC_CITY_NAME_MEMPHIS, 4.6, UNIT_GALLEY, 58.3, 65
66, LOC_CITY_NAME_SHEDET, 3.6, BUILDING_MONUMENT, 25.2, 60
66, LOC_CITY_NAME_MBANZA_KONGO, 24.8, UNIT_BUILDER, 24.8, 54
66, LOC_CITY_NAME_MBUMBI, 5.4, UNIT_ARCHER, 49.8, 60
66, LOC_CITY_NAME_TENOCHTITLAN, 7.5, UNIT_AZTEC_EAGLE_WARRIOR, 25.0, 65
66, LOC_CITY_NAME_TEOTIHUACAN, 6.2, DISTRICT_CAMPUS, 26.2, 107
66, LOC_CITY_NAME_JAKARTA, 5.9, UNIT_ARCHER, 24.8, 60
66, LOC_CITY_NAME_HATTUSA, 6.5, PROJECT_ENHANCE_DISTRICT_CAMPUS, 25.8, 60
66, LOC_CITY_NAME_ZANZIBAR, 6.1, BUILDING_MARKET, 120.6, 120
66, LOC_CITY_NAME_JERUSALEM, 23.4, BUILDING_GRANARY, 23.4, 65
66, LOC_CITY_NAME_PRESLAV, 6.6, UNIT_BUILDER, 6.6, 58
66, LOC_CITY_NAME_LISBON, 17.0, UNIT_ARCHER, 17.0, 60
66, LOC_CITY_NAME_CARTHAGE, 8.1, UNIT_ARCHER, 47.6, 60
66, LOC_CITY_NAME_KABUL, 15.8, UNIT_ARCHER, 40.8, 60
66, LOC_CITY_NAME_MOHENJO_DARO, 6.8, UNIT_ARCHER, 20.2, 60
66, LOC_CITY_NAME_AMSTERDAM, 8.1, UNIT_ARCHER, 27.0, 60
66, LOC_CITY_NAME_PALENQUE, 4.1, BUILDING_WALLS, 64.8, 80
66, LOC_CITY_NAME_STOCKHOLM, 5.9, BUILDING_LIBRARY, 93.4, 90
66, LOC_CITY_NAME_ARMAGH, 7.0, PROJECT_ENHANCE_DISTRICT_HOLY_SITE, 24.5, 56
66, LOC_CITY_NAME_KANDY, 4.4, BUILDING_GRANARY, 26.8, 65
66, LOC_CITY_NAME_KUMASI, 13.2, UNIT_ARCHER, 71.5, 60
66, LOC_CITY_NAME_GRANADA, 17.6, UNIT_ARCHER, 59.9, 60
66, LOC_CITY_NAME_BRUSSELS, 17.2, UNIT_ARCHER, 17.2, 60
67, LOC_CITY_NAME_ROME, 15.8, UNIT_ARCHER, 52.7, 60
67, LOC_CITY_NAME_XIAN, 16.2, BUILDING_WALLS, 59.7, 80
67, LOC_CITY_NAME_BEIJING, 13.2, BUILDING_WALLS, 13.2, 80
67, LOC_CITY_NAME_KYOTO, 18.0, UNIT_BUILDER, 75.6, 66
67, LOC_CITY_NAME_FUKUOKA, 7.5, UNIT_SETTLER, 60.7, 140
67, LOC_CITY_NAME_YOKOHAMA, 5.0, UNIT_TRADER, 36.2, 59
67, LOC_CITY_NAME_WASHINGTON, 16.2, UNIT_HEAVY_CHARIOT, 62.3, 65
67, LOC_CITY_NAME_PHILADELPHIA, 13.1, BUILDING_WATER_MILL, 13.1, 80
67, LOC_CITY_NAME_MADRID, 19.6, BUILDING_GRANARY, 19.6, 65
67, LOC_CITY_NAME_BARCELONA, 8.8, BUILDING_ORACLE, 159.1, 290
67, LOC_CITY_NAME_RA_KEDET, 13.2, UNIT_SETTLER, 83.6, 140
67, LOC_CITY_NAME_MEMPHIS, 4.6, UNIT_GALLEY, 62.9, 65
67, LOC_CITY_NAME_SHEDET, 3.6, BUILDING_MONUMENT, 28.8, 60
67, LOC_CITY_NAME_MBANZA_KONGO, 14.4, UNIT_BUILDER, 39.2, 54
67, LOC_CITY_NAME_MBUMBI, 5.4, UNIT_ARCHER, 55.1, 60
67, LOC_CITY_NAME_TENOCHTITLAN, 10.0, UNIT_AZTEC_EAGLE_WARRIOR, 35.0, 65
67, LOC_CITY_NAME_TEOTIHUACAN, 6.2, DISTRICT_CAMPUS, 32.5, 107
67, LOC_CITY_NAME_JAKARTA, 5.9, UNIT_ARCHER, 30.7, 60
67, LOC_CITY_NAME_HATTUSA, 6.5, PROJECT_ENHANCE_DISTRICT_CAMPUS, 32.2, 60
67, LOC_CITY_NAME_ZANZIBAR, 7.2, BUILDING_GRANARY, 7.2, 65
67, LOC_CITY_NAME_JERUSALEM, 4.1, BUILDING_GRANARY, 27.5, 65
67, LOC_CITY_NAME_JERUSALEM, 19.0, BUILDING_GRANARY, 46.5, 65
67, LOC_CITY_NAME_VALLETTA, 14.9, UNIT_HORSEMAN, 14.9, 80
67, LOC_CITY_NAME_PRESLAV, 5.4, UNIT_BUILDER, 12.0, 58
67, LOC_CITY_NAME_LISBON, 16.2, UNIT_ARCHER, 33.2, 60
67, LOC_CITY_NAME_CARTHAGE, 8.1, UNIT_ARCHER, 55.7, 60
67, LOC_CITY_NAME_KABUL, 15.8, UNIT_ARCHER, 56.5, 60
67, LOC_CITY_NAME_MOHENJO_DARO, 6.8, UNIT_ARCHER, 27.0, 60
67, LOC_CITY_NAME_AMSTERDAM, 8.1, UNIT_ARCHER, 35.1, 60
67, LOC_CITY_NAME_PALENQUE, 4.1, BUILDING_WALLS, 68.9, 80
67, LOC_CITY_NAME_STOCKHOLM, 21.0, UNIT_BUILDER, 21.0, 58
67, LOC_CITY_NAME_ARMAGH, 7.0, PROJECT_ENHANCE_DISTRICT_HOLY_SITE, 31.5, 60
67, LOC_CITY_NAME_KANDY, 4.4, BUILDING_GRANARY, 31.2, 65
67, LOC_CITY_NAME_KUMASI, 24.7, UNIT_ARCHER, 24.7, 60
67, LOC_CITY_NAME_GRANADA, 17.6, UNIT_ARCHER, 77.5, 60
67, LOC_CITY_NAME_BRUSSELS, 13.5, UNIT_ARCHER, 30.7, 60
68, LOC_CITY_NAME_ROME, 17.3, UNIT_ARCHER, 70.0, 60
68, LOC_CITY_NAME_XIAN, 16.2, BUILDING_WALLS, 76.0, 80
68, LOC_CITY_NAME_BEIJING, 8.8, BUILDING_WALLS, 22.0, 80
68, LOC_CITY_NAME_KYOTO, 20.4, BUILDING_GRANARY, 20.4, 65
68, LOC_CITY_NAME_FUKUOKA, 7.5, UNIT_SETTLER, 68.2, 140
68, LOC_CITY_NAME_YOKOHAMA, 5.0, UNIT_TRADER, 41.2, 59
68, LOC_CITY_NAME_WASHINGTON, 16.2, UNIT_HEAVY_CHARIOT, 78.6, 65
68, LOC_CITY_NAME_PHILADELPHIA, 9.1, BUILDING_WATER_MILL, 22.2, 80
68, LOC_CITY_NAME_MADRID, 12.5, BUILDING_GRANARY, 32.1, 65
68, LOC_CITY_NAME_BARCELONA, 8.8, BUILDING_ORACLE, 167.8, 290
68, LOC_CITY_NAME_RA_KEDET, 13.2, UNIT_SETTLER, 96.8, 140
68, LOC_CITY_NAME_MEMPHIS, 4.6, UNIT_GALLEY, 67.5, 65
68, LOC_CITY_NAME_SHEDET, 3.6, BUILDING_MONUMENT, 32.4, 60
68, LOC_CITY_NAME_MBANZA_KONGO, 13.8, UNIT_BUILDER, 52.9, 54
68, LOC_CITY_NAME_MBUMBI, 2.4, UNIT_ARCHER, 57.5, 60
68, LOC_CITY_NAME_TENOCHTITLAN, 7.5, UNIT_AZTEC_EAGLE_WARRIOR, 42.5, 65
68, LOC_CITY_NAME_TEOTIHUACAN, 6.2, DISTRICT_CAMPUS, 38.8, 107
68, LOC_CITY_NAME_JAKARTA, 5.9, UNIT_ARCHER, 36.5, 60
68, LOC_CITY_NAME_HATTUSA, 6.5, PROJECT_ENHANCE_DISTRICT_CAMPUS, 38.8, 60
68, LOC_CITY_NAME_ZANZIBAR, 6.6, BUILDING_GRANARY, 13.8, 65
68, LOC_CITY_NAME_JERUSALEM, 4.1, BUILDING_GRANARY, 50.5, 65
68, LOC_CITY_NAME_VALLETTA, 10.8, UNIT_HORSEMAN, 25.7, 80
68, LOC_CITY_NAME_PRESLAV, 5.4, UNIT_BUILDER, 17.4, 58
68, LOC_CITY_NAME_LISBON, 16.2, UNIT_ARCHER, 49.4, 60
68, LOC_CITY_NAME_CARTHAGE, 8.1, UNIT_ARCHER, 63.8, 60
68, LOC_CITY_NAME_KABUL, 15.8, UNIT_ARCHER, 72.3, 60
68, LOC_CITY_NAME_MOHENJO_DARO, 6.8, UNIT_ARCHER, 33.8, 60
68, LOC_CITY_NAME_AMSTERDAM, 8.1, UNIT_ARCHER, 43.2, 60
68, LOC_CITY_NAME_PALENQUE, 4.1, BUILDING_WALLS, 72.9, 80
68, LOC_CITY_NAME_STOCKHOLM, 17.6, UNIT_BUILDER, 38.5, 58
68, LOC_CITY_NAME_ARMAGH, 7.0, PROJECT_ENHANCE_DISTRICT_HOLY_SITE, 38.5, 63
68, LOC_CITY_NAME_KANDY, 4.4, BUILDING_GRANARY, 35.6, 65
68, LOC_CITY_NAME_KANDY, 39.0, BUILDING_GRANARY, 74.6, 65
68, LOC_CITY_NAME_KUMASI, 13.2, UNIT_ARCHER, 37.9, 60
68, LOC_CITY_NAME_GRANADA, 35.1, UNIT_ARCHER, 35.1, 60
68, LOC_CITY_NAME_BRUSSELS, 13.5, UNIT_ARCHER, 44.2, 60
69, LOC_CITY_NAME_ROME, 21.6, DISTRICT_COMMERCIAL_HUB, 21.6, 117
69, LOC_CITY_NAME_ANTIUM, 4.4, BUILDING_WALLS, 4.4, 80
69, LOC_CITY_NAME_XIAN, 16.2, BUILDING_WALLS, 92.2, 80
69, LOC_CITY_NAME_BEIJING, 8.8, BUILDING_WALLS, 30.8, 80
69, LOC_CITY_NAME_KYOTO, 13.2, BUILDING_GRANARY, 33.6, 65
69, LOC_CITY_NAME_FUKUOKA, 8.8, UNIT_SETTLER, 77.0, 140
69, LOC_CITY_NAME_YOKOHAMA, 5.0, UNIT_TRADER, 46.2, 59
69, LOC_CITY_NAME_WASHINGTON, 30.5, BUILDING_GRANARY, 30.5, 65
69, LOC_CITY_NAME_PHILADELPHIA, 9.1, BUILDING_WATER_MILL, 31.3, 80
69, LOC_CITY_NAME_MADRID, 12.5, BUILDING_GRANARY, 44.6, 65
69, LOC_CITY_NAME_BARCELONA, 8.8, BUILDING_ORACLE, 176.6, 290
69, LOC_CITY_NAME_RA_KEDET, 13.2, UNIT_SETTLER, 110.0, 140
69, LOC_CITY_NAME_MEMPHIS, 7.1, UNIT_BUILDER, 7.1, 54
69, LOC_CITY_NAME_SHEDET, 3.6, BUILDING_MONUMENT, 36.0, 60
69, LOC_CITY_NAME_MBANZA_KONGO, 13.8, UNIT_BUILDER, 66.7, 54
69, LOC_CITY_NAME_MBUMBI, 2.4, UNIT_ARCHER, 59.9, 60
69, LOC_CITY_NAME_TENOCHTITLAN, 10.0, UNIT_AZTEC_EAGLE_WARRIOR, 52.5, 65
69, LOC_CITY_NAME_TEOTIHUACAN, 6.2, DISTRICT_CAMPUS, 45.0, 107
69, LOC_CITY_NAME_JAKARTA, 5.9, UNIT_ARCHER, 42.4, 60
69, LOC_CITY_NAME_HATTUSA, 5.9, PROJECT_ENHANCE_DISTRICT_CAMPUS, 44.6, 60
69, LOC_CITY_NAME_ZANZIBAR, 6.6, BUILDING_GRANARY, 20.4, 65
69, LOC_CITY_NAME_JERUSALEM, 4.1, BUILDING_GRANARY, 54.6, 65
69, LOC_CITY_NAME_VALLETTA, 10.8, UNIT_HORSEMAN, 36.5, 80
69, LOC_CITY_NAME_PRESLAV, 5.4, UNIT_BUILDER, 22.8, 58
69, LOC_CITY_NAME_LISBON, 16.2, UNIT_ARCHER, 65.6, 60
69, LOC_CITY_NAME_CARTHAGE, 11.9, UNIT_ARCHER, 11.9, 60
69, LOC_CITY_NAME_KABUL, 28.0, UNIT_ARCHER, 28.0, 60
69, LOC_CITY_NAME_MOHENJO_DARO, 6.8, UNIT_ARCHER, 40.5, 60
69, LOC_CITY_NAME_AMSTERDAM, 8.1, UNIT_ARCHER, 51.4, 60
69, LOC_CITY_NAME_PALENQUE, 4.1, BUILDING_WALLS, 77.0, 80
69, LOC_CITY_NAME_STOCKHOLM, 17.6, UNIT_BUILDER, 56.1, 58
69, LOC_CITY_NAME_ARMAGH, 7.0, PROJECT_ENHANCE_DISTRICT_HOLY_SITE, 45.5, 63
69, LOC_CITY_NAME_KUMASI, 13.2, UNIT_ARCHER, 51.1, 60
69, LOC_CITY_NAME_GRANADA, 17.6, UNIT_ARCHER, 52.6, 60
69, LOC_CITY_NAME_BRUSSELS, 13.5, UNIT_ARCHER, 57.7, 60
70, LOC_CITY_NAME_ROME, 12.6, DISTRICT_COMMERCIAL_HUB, 34.2, 117
70, LOC_CITY_NAME_ANTIUM, 5.5, BUILDING_WALLS, 9.9, 80
70, LOC_CITY_NAME_XIAN, 26.0, UNIT_ARCHER, 26.0, 60
70, LOC_CITY_NAME_BEIJING, 8.8, BUILDING_WALLS, 39.5, 80
70, LOC_CITY_NAME_KYOTO, 12.5, BUILDING_GRANARY, 46.1, 65
70, LOC_CITY_NAME_FUKUOKA, 7.5, UNIT_SETTLER, 84.5, 140
70, LOC_CITY_NAME_YOKOHAMA, 3.8, UNIT_TRADER, 50.0, 59
70, LOC_CITY_NAME_WASHINGTON, 16.9, BUILDING_GRANARY, 47.4, 65
70, LOC_CITY_NAME_PHILADELPHIA, 9.1, BUILDING_WATER_MILL, 40.4, 80
70, LOC_CITY_NAME_MADRID, 12.5, BUILDING_GRANARY, 57.1, 65
70, LOC_CITY_NAME_BARCELONA, 8.8, BUILDING_ORACLE, 185.3, 290
70, LOC_CITY_NAME_RA_KEDET, 13.2, UNIT_SETTLER, 123.2, 140
70, LOC_CITY_NAME_MEMPHIS, 4.6, UNIT_BUILDER, 11.7, 54
70, LOC_CITY_NAME_SHEDET, 3.6, BUILDING_MONUMENT, 39.6, 60
70, LOC_CITY_NAME_MBANZA_KONGO, 26.4, UNIT_WARRIOR, 26.4, 40
70, LOC_CITY_NAME_MBUMBI, 2.4, UNIT_ARCHER, 62.3, 60
70, LOC_CITY_NAME_TENOCHTITLAN, 7.5, UNIT_AZTEC_EAGLE_WARRIOR, 60.0, 65
70, LOC_CITY_NAME_TEOTIHUACAN, 6.2, DISTRICT_CAMPUS, 51.2, 107
70, LOC_CITY_NAME_JAKARTA, 5.9, UNIT_ARCHER, 48.2, 60
70, LOC_CITY_NAME_HATTUSA, 6.0, PROJECT_ENHANCE_DISTRICT_CAMPUS, 50.6, 63
70, LOC_CITY_NAME_ZANZIBAR, 6.6, BUILDING_GRANARY, 27.0, 65
70, LOC_CITY_NAME_JERUSALEM, 4.1, BUILDING_GRANARY, 58.6, 65
70, LOC_CITY_NAME_JERUSALEM, 19.0, BUILDING_GRANARY, 77.6, 65
70, LOC_CITY_NAME_VALLETTA, 12.2, UNIT_HORSEMAN, 48.6, 80
70, LOC_CITY_NAME_PRESLAV, 5.4, UNIT_BUILDER, 28.2, 58
70, LOC_CITY_NAME_LISBON, 21.8, UNIT_ARCHER, 21.8, 60
70, LOC_CITY_NAME_CARTHAGE, 8.1, UNIT_ARCHER, 20.0, 60
70, LOC_CITY_NAME_KABUL, 13.5, UNIT_ARCHER, 41.5, 60
70, LOC_CITY_NAME_MOHENJO_DARO, 7.9, UNIT_ARCHER, 48.4, 60
70, LOC_CITY_NAME_AMSTERDAM, 8.1, UNIT_ARCHER, 59.5, 60
70, LOC_CITY_NAME_PALENQUE, 4.1, BUILDING_WALLS, 81.0, 80
70, LOC_CITY_NAME_STOCKHOLM, 17.6, UNIT_BUILDER, 73.6, 58
70, LOC_CITY_NAME_STOCKHOLM, 34.6, PROJECT_ENHANCE_DISTRICT_CAMPUS, 34.6, 63
70, LOC_CITY_NAME_ARMAGH, 7.5, PROJECT_ENHANCE_DISTRICT_HOLY_SITE, 53.0, 63
70, LOC_CITY_NAME_KANDY, 7.2, PROJECT_ENHANCE_DISTRICT_HOLY_SITE, 7.2, 63
70, LOC_CITY_NAME_KUMASI, 13.2, UNIT_ARCHER, 64.3, 60
70, LOC_CITY_NAME_GRANADA, 20.5, UNIT_ARCHER, 73.1, 60
70, LOC_CITY_NAME_BRUSSELS, 13.5, UNIT_ARCHER, 71.2, 60
71, LOC_CITY_NAME_ROME, 13.6, DISTRICT_COMMERCIAL_HUB, 47.8, 117
71, LOC_CITY_NAME_ANTIUM, 5.5, BUILDING_WALLS, 15.4, 80
71, LOC_CITY_NAME_XIAN, 13.8, UNIT_ARCHER, 39.7, 60
71, LOC_CITY_NAME_BEIJING, 8.8, BUILDING_WALLS, 48.2, 80
71, LOC_CITY_NAME_KYOTO, 12.5, BUILDING_GRANARY, 58.6, 65
71, LOC_CITY_NAME_FUKUOKA, 8.8, UNIT_SETTLER, 93.2, 140
71, LOC_CITY_NAME_YOKOHAMA, 3.8, UNIT_TRADER, 53.8, 59
71, LOC_CITY_NAME_WASHINGTON, 16.9, BUILDING_GRANARY, 64.3, 65
71, LOC_CITY_NAME_PHILADELPHIA, 9.1, BUILDING_WATER_MILL, 49.5, 80
71, LOC_CITY_NAME_MADRID, 12.5, BUILDING_GRANARY, 69.6, 65
71, LOC_CITY_NAME_BARCELONA, 8.8, BUILDING_ORACLE, 194.1, 290
71, LOC_CITY_NAME_VALENCIA, 5.0, UNIT_TRADER, 5.0, 55
71, LOC_CITY_NAME_RA_KEDET, 13.2, UNIT_ARCHER, 13.2, 60
71, LOC_CITY_NAME_MEMPHIS, 4.6, UNIT_BUILDER, 16.3, 54
71, LOC_CITY_NAME_SHEDET, 3.6, BUILDING_MONUMENT, 43.2, 60
71, LOC_CITY_NAME_MBANZA_KONGO, 13.8, UNIT_WARRIOR, 40.2, 40
71, LOC_CITY_NAME_MBUMBI, 4.7, DISTRICT_THEATER, 4.7, 117
71, LOC_CITY_NAME_TENOCHTITLAN, 10.0, UNIT_AZTEC_EAGLE_WARRIOR, 70.0, 65
71, LOC_CITY_NAME_TEOTIHUACAN, 6.2, DISTRICT_CAMPUS, 57.5, 107
71, LOC_CITY_NAME_JAKARTA, 5.9, UNIT_ARCHER, 54.1, 60
71, LOC_CITY_NAME_HATTUSA, 6.0, PROJECT_ENHANCE_DISTRICT_CAMPUS, 56.6, 63
71, LOC_CITY_NAME_ZANZIBAR, 6.1, BUILDING_GRANARY, 33.0, 65
71, LOC_CITY_NAME_VALLETTA, 12.2, UNIT_HORSEMAN, 60.8, 80
71, LOC_CITY_NAME_PRESLAV, 5.4, UNIT_BUILDER, 33.6, 58
71, LOC_CITY_NAME_LISBON, 16.2, UNIT_ARCHER, 38.0, 60
71, LOC_CITY_NAME_CARTHAGE, 8.1, UNIT_ARCHER, 28.1, 60
71, LOC_CITY_NAME_KABUL, 13.5, UNIT_ARCHER, 55.0, 60
71, LOC_CITY_NAME_MOHENJO_DARO, 7.9, UNIT_ARCHER, 56.2, 60
71, LOC_CITY_NAME_AMSTERDAM, 8.1, UNIT_ARCHER, 67.6, 60
71, LOC_CITY_NAME_PALENQUE, 13.2, UNIT_HORSEMAN, 13.2, 80
71, LOC_CITY_NAME_STOCKHOLM, 5.4, PROJECT_ENHANCE_DISTRICT_CAMPUS, 40.0, 63
71, LOC_CITY_NAME_ARMAGH, 7.0, PROJECT_ENHANCE_DISTRICT_HOLY_SITE, 60.0, 63
71, LOC_CITY_NAME_KANDY, 3.3, PROJECT_ENHANCE_DISTRICT_HOLY_SITE, 10.5, 70
71, LOC_CITY_NAME_KUMASI, 17.5, UNIT_ARCHER, 17.5, 60
71, LOC_CITY_NAME_GRANADA, 33.6, UNIT_ARCHER, 33.6, 60
71, LOC_CITY_NAME_BRUSSELS, 15.7, BUILDING_WATER_MILL, 15.7, 80
72, LOC_CITY_NAME_ROME, 13.6, DISTRICT_COMMERCIAL_HUB, 61.5, 117
72, LOC_CITY_NAME_ANTIUM, 5.5, BUILDING_WALLS, 20.9, 80
72, LOC_CITY_NAME_XIAN, 13.8, UNIT_ARCHER, 53.5, 60
72, LOC_CITY_NAME_BEIJING, 8.8, BUILDING_WALLS, 57.0, 80
72, LOC_CITY_NAME_KYOTO, 12.5, BUILDING_GRANARY, 71.1, 65
72, LOC_CITY_NAME_FUKUOKA, 8.8, UNIT_SETTLER, 102.0, 140
72, LOC_CITY_NAME_YOKOHAMA, 3.8, UNIT_TRADER, 57.5, 59
72, LOC_CITY_NAME_WASHINGTON, 16.9, BUILDING_GRANARY, 81.2, 65
72, LOC_CITY_NAME_PHILADELPHIA, 9.1, BUILDING_WATER_MILL, 58.6, 80
72, LOC_CITY_NAME_MADRID, 17.1, DISTRICT_HARBOR, 17.1, 117
72, LOC_CITY_NAME_BARCELONA, 7.5, BUILDING_ORACLE, 201.6, 290
72, LOC_CITY_NAME_VALENCIA, 5.0, UNIT_TRADER, 10.0, 56
72, LOC_CITY_NAME_RA_KEDET, 13.2, UNIT_ARCHER, 26.4, 60
72, LOC_CITY_NAME_MEMPHIS, 4.6, UNIT_BUILDER, 20.9, 54
72, LOC_CITY_NAME_SHEDET, 3.6, BUILDING_MONUMENT, 46.8, 60
72, LOC_CITY_NAME_MBANZA_KONGO, 13.9, UNIT_SPEARMAN, 13.9, 65
72, LOC_CITY_NAME_MBUMBI, 2.4, DISTRICT_THEATER, 7.1, 117
72, LOC_CITY_NAME_TENOCHTITLAN, 12.5, DISTRICT_HOLY_SITE, 92.5, 102
72, LOC_CITY_NAME_TEOTIHUACAN, 8.8, DISTRICT_CAMPUS, 66.2, 107
72, LOC_CITY_NAME_JAKARTA, 5.9, UNIT_ARCHER, 59.9, 60
72, LOC_CITY_NAME_HATTUSA, 6.0, PROJECT_ENHANCE_DISTRICT_CAMPUS, 62.6, 70
72, LOC_CITY_NAME_ZANZIBAR, 6.6, BUILDING_GRANARY, 39.6, 65
72, LOC_CITY_NAME_JERUSALEM, 8.1, PROJECT_ENHANCE_DISTRICT_HOLY_SITE, 8.1, 63
72, LOC_CITY_NAME_VALLETTA, 12.2, UNIT_HORSEMAN, 72.9, 80
72, LOC_CITY_NAME_PRESLAV, 5.4, UNIT_BUILDER, 39.0, 58
72, LOC_CITY_NAME_LISBON, 16.2, UNIT_ARCHER, 54.2, 60
72, LOC_CITY_NAME_CARTHAGE, 8.1, UNIT_ARCHER, 36.2, 60
72, LOC_CITY_NAME_KABUL, 13.5, UNIT_ARCHER, 68.5, 60
72, LOC_CITY_NAME_AMSTERDAM, 10.3, BUILDING_MARKET, 10.3, 120
72, LOC_CITY_NAME_PALENQUE, 12.2, UNIT_HORSEMAN, 25.3, 80
72, LOC_CITY_NAME_STOCKHOLM, 6.3, PROJECT_ENHANCE_DISTRICT_CAMPUS, 46.3, 70
72, LOC_CITY_NAME_ARMAGH, 7.0, PROJECT_ENHANCE_DISTRICT_HOLY_SITE, 67.0, 63
72, LOC_CITY_NAME_KANDY, 3.3, PROJECT_ENHANCE_DISTRICT_HOLY_SITE, 13.8, 70
72, LOC_CITY_NAME_KUMASI, 13.2, UNIT_ARCHER, 30.7, 60
72, LOC_CITY_NAME_GRANADA, 20.5, UNIT_ARCHER, 54.0, 60
72, LOC_CITY_NAME_BRUSSELS, 4.5, BUILDING_WATER_MILL, 20.2, 80
73, LOC_CITY_NAME_ROME, 13.6, DISTRICT_COMMERCIAL_HUB, 75.1, 117
73, LOC_CITY_NAME_ANTIUM, 5.5, BUILDING_WALLS, 26.4, 80
73, LOC_CITY_NAME_XIAN, 13.8, UNIT_ARCHER, 67.2, 60
73, LOC_CITY_NAME_BEIJING, 8.8, BUILDING_WALLS, 65.8, 80
73, LOC_CITY_NAME_KYOTO, 27.3, UNIT_ARCHER, 27.3, 60
73, LOC_CITY_NAME_FUKUOKA, 10.0, UNIT_SETTLER, 112.0, 140
73, LOC_CITY_NAME_YOKOHAMA, 3.8, UNIT_TRADER, 61.2, 59
73, LOC_CITY_NAME_WASHINGTON, 33.1, BUILDING_WALLS, 33.1, 80
73, LOC_CITY_NAME_PHILADELPHIA, 9.1, BUILDING_WATER_MILL, 67.7, 80
73, LOC_CITY_NAME_MADRID, 12.5, DISTRICT_HARBOR, 29.6, 117
73, LOC_CITY_NAME_BARCELONA, 7.5, BUILDING_ORACLE, 209.1, 290
73, LOC_CITY_NAME_VALENCIA, 5.0, UNIT_TRADER, 15.0, 56
73, LOC_CITY_NAME_RA_KEDET, 12.5, UNIT_ARCHER, 38.9, 60
73, LOC_CITY_NAME_MEMPHIS, 4.8, UNIT_BUILDER, 25.7, 54
73, LOC_CITY_NAME_SHEDET, 3.8, BUILDING_MONUMENT, 50.5, 60
73, LOC_CITY_NAME_MOHENJO_DARO, 2.3, UNIT_SCOUT, 2.3, 30
73, LOC_CITY_NAME_MBANZA_KONGO, 13.8, UNIT_SPEARMAN, 27.7, 65
73, LOC_CITY_NAME_MBUMBI, 2.4, DISTRICT_THEATER, 9.5, 117
73, LOC_CITY_NAME_TENOCHTITLAN, 10.0, UNIT_AZTEC_EAGLE_WARRIOR, 10.0, 65
73, LOC_CITY_NAME_TEOTIHUACAN, 6.2, DISTRICT_CAMPUS, 72.5, 107
73, LOC_CITY_NAME_JAKARTA, 5.9, UNIT_ARCHER, 65.8, 60
73, LOC_CITY_NAME_HATTUSA, 6.0, PROJECT_ENHANCE_DISTRICT_CAMPUS, 68.6, 70
73, LOC_CITY_NAME_ZANZIBAR, 6.6, BUILDING_GRANARY, 46.2, 65
73, LOC_CITY_NAME_ZANZIBAR, 48.0, BUILDING_GRANARY, 94.2, 65
73, LOC_CITY_NAME_JERUSALEM, 4.1, PROJECT_ENHANCE_DISTRICT_HOLY_SITE, 12.2, 63
73, LOC_CITY_NAME_VALLETTA, 12.2, UNIT_HORSEMAN, 85.1, 80
73, LOC_CITY_NAME_PRESLAV, 5.4, UNIT_BUILDER, 44.4, 58
73, LOC_CITY_NAME_LISBON, 16.2, UNIT_ARCHER, 70.4, 60
73, LOC_CITY_NAME_CARTHAGE, 8.1, UNIT_ARCHER, 44.3, 60
73, LOC_CITY_NAME_KABUL, 13.0, UNIT_ARCHER, 13.0, 60
73, LOC_CITY_NAME_AMSTERDAM, 2.7, BUILDING_MARKET, 13.0, 120
73, LOC_CITY_NAME_PALENQUE, 12.2, UNIT_HORSEMAN, 37.5, 80
73, LOC_CITY_NAME_STOCKHOLM, 6.3, PROJECT_ENHANCE_DISTRICT_CAMPUS, 52.6, 70
73, LOC_CITY_NAME_ARMAGH, 11.0, PROJECT_ENHANCE_DISTRICT_HOLY_SITE, 11.0, 63
73, LOC_CITY_NAME_KANDY, 3.3, PROJECT_ENHANCE_DISTRICT_HOLY_SITE, 17.1, 70
73, LOC_CITY_NAME_KUMASI, 13.2, UNIT_ARCHER, 43.9, 60
73, LOC_CITY_NAME_GRANADA, 20.5, UNIT_ARCHER, 74.5, 60
73, LOC_CITY_NAME_BRUSSELS, 4.5, BUILDING_WATER_MILL, 24.7, 80
74, LOC_CITY_NAME_ROME, 13.6, DISTRICT_COMMERCIAL_HUB, 88.8, 117
74, LOC_CITY_NAME_ANTIUM, 5.5, BUILDING_WALLS, 31.9, 80
74, LOC_CITY_NAME_XIAN, 21.0, UNIT_SETTLER, 21.0, 140
74, LOC_CITY_NAME_BEIJING, 8.8, BUILDING_WALLS, 74.5, 80
74, LOC_CITY_NAME_KYOTO, 21.2, UNIT_ARCHER, 48.6, 60
74, LOC_CITY_NAME_FUKUOKA, 10.0, UNIT_SETTLER, 122.0, 140
74, LOC_CITY_NAME_YOKOHAMA, 12.2, DISTRICT_HOLY_SITE, 12.2, 131
74, LOC_CITY_NAME_WASHINGTON, 16.9, BUILDING_WALLS, 50.0, 80
74, LOC_CITY_NAME_PHILADELPHIA, 9.1, BUILDING_WATER_MILL, 76.8, 80
74, LOC_CITY_NAME_MADRID, 12.5, DISTRICT_HARBOR, 42.1, 117
74, LOC_CITY_NAME_BARCELONA, 7.5, BUILDING_ORACLE, 216.6, 290
74, LOC_CITY_NAME_VALENCIA, 5.0, UNIT_TRADER, 20.0, 56
74, LOC_CITY_NAME_RA_KEDET, 12.5, UNIT_ARCHER, 51.4, 60
74, LOC_CITY_NAME_MEMPHIS, 4.8, UNIT_BUILDER, 30.5, 54
74, LOC_CITY_NAME_SHEDET, 3.8, BUILDING_MONUMENT, 54.3, 60
74, LOC_CITY_NAME_MOHENJO_DARO, 2.3, UNIT_SCOUT, 4.6, 30
74, LOC_CITY_NAME_MBANZA_KONGO, 13.8, UNIT_SPEARMAN, 41.4, 65
74, LOC_CITY_NAME_MBUMBI, 2.4, UNIT_ARCHER, 2.4, 60
74, LOC_CITY_NAME_TENOCHTITLAN, 7.5, UNIT_AZTEC_EAGLE_WARRIOR, 17.5, 65
74, LOC_CITY_NAME_TEOTIHUACAN, 8.8, DISTRICT_CAMPUS, 81.2, 107
74, LOC_CITY_NAME_JAKARTA, 11.6, BUILDING_WATER_MILL, 11.6, 80
74, LOC_CITY_NAME_HATTUSA, 6.0, PROJECT_ENHANCE_DISTRICT_CAMPUS, 74.6, 74
74, LOC_CITY_NAME_JERUSALEM, 4.1, PROJECT_ENHANCE_DISTRICT_HOLY_SITE, 16.2, 70
74, LOC_CITY_NAME_VALLETTA, 17.2, UNIT_BUILDER, 17.2, 62
74, LOC_CITY_NAME_PRESLAV, 5.4, UNIT_BUILDER, 49.8, 58
74, LOC_CITY_NAME_LISBON, 15.8, BUILDING_WATER_MILL, 15.8, 80
74, LOC_CITY_NAME_CARTHAGE, 8.1, UNIT_ARCHER, 52.4, 60
74, LOC_CITY_NAME_KABUL, 4.5, UNIT_ARCHER, 17.5, 60
74, LOC_CITY_NAME_AMSTERDAM, 2.7, BUILDING_MARKET, 15.7, 120
74, LOC_CITY_NAME_PALENQUE, 12.2, UNIT_HORSEMAN, 49.6, 80
74, LOC_CITY_NAME_STOCKHOLM, 6.3, PROJECT_ENHANCE_DISTRICT_CAMPUS, 58.9, 74
74, LOC_CITY_NAME_ARMAGH, 7.0, PROJECT_ENHANCE_DISTRICT_HOLY_SITE, 18.0, 70
74, LOC_CITY_NAME_KANDY, 3.3, PROJECT_ENHANCE_DISTRICT_HOLY_SITE, 20.4, 70
74, LOC_CITY_NAME_KUMASI, 13.2, UNIT_ARCHER, 57.1, 60
74, LOC_CITY_NAME_GRANADA, 35.0, UNIT_ARCHER, 35.0, 60
74, LOC_CITY_NAME_BRUSSELS, 4.5, BUILDING_WATER_MILL, 29.2, 80
75, LOC_CITY_NAME_ROME, 13.6, DISTRICT_COMMERCIAL_HUB, 102.4, 117
75, LOC_CITY_NAME_ANTIUM, 5.5, BUILDING_WALLS, 37.4, 80
75, LOC_CITY_NAME_XIAN, 13.8, UNIT_SETTLER, 34.7, 140
75, LOC_CITY_NAME_BEIJING, 8.8, BUILDING_WALLS, 83.2, 80
75, LOC_CITY_NAME_KYOTO, 21.2, UNIT_ARCHER, 69.8, 60
75, LOC_CITY_NAME_FUKUOKA, 8.8, UNIT_SETTLER, 130.7, 140
75, LOC_CITY_NAME_YOKOHAMA, 10.0, DISTRICT_HOLY_SITE, 22.2, 131
75, LOC_CITY_NAME_WASHINGTON, 19.5, BUILDING_WALLS, 69.5, 80
75, LOC_CITY_NAME_PHILADELPHIA, 9.1, BUILDING_WATER_MILL, 85.9, 80
75, LOC_CITY_NAME_MADRID, 12.5, DISTRICT_HARBOR, 54.6, 117
75, LOC_CITY_NAME_BARCELONA, 7.5, BUILDING_ORACLE, 224.1, 290
75, LOC_CITY_NAME_VALENCIA, 5.0, UNIT_TRADER, 25.0, 56
75, LOC_CITY_NAME_RA_KEDET, 12.5, UNIT_ARCHER, 63.9, 60
75, LOC_CITY_NAME_MEMPHIS, 4.8, UNIT_BUILDER, 35.3, 54
75, LOC_CITY_NAME_SHEDET, 5.0, BUILDING_MONUMENT, 59.3, 60
75, LOC_CITY_NAME_MOHENJO_DARO, 2.3, UNIT_SCOUT, 6.9, 30
75, LOC_CITY_NAME_MBANZA_KONGO, 13.8, UNIT_SPEARMAN, 55.2, 65
75, LOC_CITY_NAME_MBUMBI, 2.4, UNIT_ARCHER, 4.8, 60
75, LOC_CITY_NAME_TENOCHTITLAN, 10.0, UNIT_AZTEC_EAGLE_WARRIOR, 27.5, 65
75, LOC_CITY_NAME_TEOTIHUACAN, 6.2, DISTRICT_CAMPUS, 87.5, 107
75, LOC_CITY_NAME_JAKARTA, 5.9, BUILDING_WATER_MILL, 17.5, 80
75, LOC_CITY_NAME_HATTUSA, 6.6, BUILDING_WALLS, 6.6, 80
75, LOC_CITY_NAME_ZANZIBAR, 13.2, BUILDING_WATER_MILL, 13.2, 80
75, LOC_CITY_NAME_JERUSALEM, 4.1, PROJECT_ENHANCE_DISTRICT_HOLY_SITE, 20.3, 70
75, LOC_CITY_NAME_VALLETTA, 12.2, UNIT_BUILDER, 29.4, 62
75, LOC_CITY_NAME_PRESLAV, 5.4, UNIT_BUILDER, 55.2, 58
75, LOC_CITY_NAME_LISBON, 5.4, BUILDING_WATER_MILL, 21.2, 80
75, LOC_CITY_NAME_CARTHAGE, 8.1, UNIT_ARCHER, 60.5, 60
75, LOC_CITY_NAME_KABUL, 4.5, UNIT_ARCHER, 22.0, 60
75, LOC_CITY_NAME_AMSTERDAM, 2.7, BUILDING_MARKET, 18.4, 120
75, LOC_CITY_NAME_PALENQUE, 12.2, UNIT_HORSEMAN, 61.8, 80
75, LOC_CITY_NAME_STOCKHOLM, 6.3, PROJECT_ENHANCE_DISTRICT_CAMPUS, 65.2, 74
75, LOC_CITY_NAME_ARMAGH, 7.0, PROJECT_ENHANCE_DISTRICT_HOLY_SITE, 25.0, 74
75, LOC_CITY_NAME_KANDY, 3.0, PROJECT_ENHANCE_DISTRICT_HOLY_SITE, 23.4, 74
75, LOC_CITY_NAME_KUMASI, 13.2, UNIT_ARCHER, 70.3, 60
75, LOC_CITY_NAME_GRANADA, 20.5, UNIT_ARCHER, 55.5, 60
75, LOC_CITY_NAME_BRUSSELS, 4.5, BUILDING_WATER_MILL, 33.7, 80
75, LOC_CITY_NAME_BRUSSELS, 23.0, BUILDING_WATER_MILL, 56.7, 80
76, LOC_CITY_NAME_ROME, 13.6, DISTRICT_COMMERCIAL_HUB, 116.1, 117
76, LOC_CITY_NAME_ANTIUM, 5.5, BUILDING_WALLS, 42.9, 80
76, LOC_CITY_NAME_XIAN, 13.8, UNIT_SETTLER, 48.5, 140
76, LOC_CITY_NAME_BEIJING, 12.0, UNIT_WARRIOR, 12.0, 40
76, LOC_CITY_NAME_KYOTO, 38.6, DISTRICT_ENCAMPMENT, 38.6, 131
76, LOC_CITY_NAME_FUKUOKA, 8.8, UNIT_SETTLER, 139.5, 140
76, LOC_CITY_NAME_YOKOHAMA, 10.0, DISTRICT_HOLY_SITE, 32.2, 131
76, LOC_CITY_NAME_WASHINGTON, 19.5, BUILDING_WALLS, 89.0, 80
76, LOC_CITY_NAME_PHILADELPHIA, 15.0, UNIT_HEAVY_CHARIOT, 15.0, 65
76, LOC_CITY_NAME_MADRID, 12.5, DISTRICT_HARBOR, 67.1, 117
76, LOC_CITY_NAME_BARCELONA, 7.5, BUILDING_ORACLE, 231.6, 290
76, LOC_CITY_NAME_VALENCIA, 5.0, UNIT_TRADER, 30.0, 56
76, LOC_CITY_NAME_RA_KEDET, 13.9, BUILDING_SHRINE, 13.9, 70
76, LOC_CITY_NAME_MEMPHIS, 4.8, UNIT_BUILDER, 40.1, 54
76, LOC_CITY_NAME_SHEDET, 5.0, BUILDING_MONUMENT, 64.3, 60
76, LOC_CITY_NAME_MOHENJO_DARO, 2.3, UNIT_SCOUT, 9.2, 30
76, LOC_CITY_NAME_MBANZA_KONGO, 13.8, UNIT_SPEARMAN, 68.9, 65
76, LOC_CITY_NAME_MBUMBI, 2.4, UNIT_ARCHER, 7.2, 60
76, LOC_CITY_NAME_TENOCHTITLAN, 7.5, UNIT_AZTEC_EAGLE_WARRIOR, 35.0, 65
76, LOC_CITY_NAME_TEOTIHUACAN, 8.8, DISTRICT_CAMPUS, 96.2, 107
76, LOC_CITY_NAME_JAKARTA, 5.9, BUILDING_WATER_MILL, 23.3, 80
76, LOC_CITY_NAME_HATTUSA, 6.0, BUILDING_WALLS, 12.6, 80
76, LOC_CITY_NAME_ZANZIBAR, 6.6, BUILDING_WATER_MILL, 19.8, 80
76, LOC_CITY_NAME_JERUSALEM, 4.1, PROJECT_ENHANCE_DISTRICT_HOLY_SITE, 24.3, 70
76, LOC_CITY_NAME_VALLETTA, 12.2, UNIT_BUILDER, 41.5, 62
76, LOC_CITY_NAME_PRESLAV, 5.4, UNIT_BUILDER, 60.7, 58
76, LOC_CITY_NAME_LISBON, 5.4, BUILDING_WATER_MILL, 26.6, 80
76, LOC_CITY_NAME_CARTHAGE, 3.2, BUILDING_WATER_MILL, 3.2, 80
76, LOC_CITY_NAME_KABUL, 4.5, UNIT_ARCHER, 26.5, 60
76, LOC_CITY_NAME_AMSTERDAM, 2.7, BUILDING_MARKET, 21.1, 120
76, LOC_CITY_NAME_PALENQUE, 12.2, UNIT_HORSEMAN, 73.9, 80
76, LOC_CITY_NAME_STOCKHOLM, 6.3, PROJECT_ENHANCE_DISTRICT_CAMPUS, 71.5, 74
76, LOC_CITY_NAME_ARMAGH, 7.0, PROJECT_ENHANCE_DISTRICT_HOLY_SITE, 32.0, 74
76, LOC_CITY_NAME_KANDY, 3.0, PROJECT_ENHANCE_DISTRICT_HOLY_SITE, 26.4, 74
76, LOC_CITY_NAME_KUMASI, 23.5, UNIT_ARCHER, 23.5, 60
76, LOC_CITY_NAME_GRANADA, 22.1, UNIT_ARCHER, 77.5, 60
76, LOC_CITY_NAME_BRUSSELS, 4.5, BUILDING_WATER_MILL, 61.2, 80
77, LOC_CITY_NAME_ROME, 13.6, DISTRICT_COMMERCIAL_HUB, 129.7, 117
77, LOC_CITY_NAME_ANTIUM, 5.5, BUILDING_WALLS, 48.4, 80
77, LOC_CITY_NAME_XIAN, 15.6, UNIT_SETTLER, 64.1, 140
77, LOC_CITY_NAME_BEIJING, 8.8, UNIT_WARRIOR, 20.8, 40
77, LOC_CITY_NAME_KYOTO, 28.8, DISTRICT_ENCAMPMENT, 67.4, 131
77, LOC_CITY_NAME_FUKUOKA, 8.8, UNIT_SETTLER, 148.2, 140
77, LOC_CITY_NAME_YOKOHAMA, 10.0, DISTRICT_HOLY_SITE, 42.2, 131
77, LOC_CITY_NAME_WASHINGTON, 28.5, DISTRICT_THEATER, 28.5, 122
77, LOC_CITY_NAME_PHILADELPHIA, 9.1, UNIT_HEAVY_CHARIOT, 24.1, 65
77, LOC_CITY_NAME_MADRID, 12.5, DISTRICT_HARBOR, 79.6, 117
77, LOC_CITY_NAME_BARCELONA, 7.5, BUILDING_ORACLE, 239.1, 290
77, LOC_CITY_NAME_VALENCIA, 5.0, UNIT_TRADER, 35.0, 56
77, LOC_CITY_NAME_RA_KEDET, 10.0, BUILDING_SHRINE, 23.9, 70
77, LOC_CITY_NAME_MEMPHIS, 4.8, UNIT_BUILDER, 44.9, 54
77, LOC_CITY_NAME_SHEDET, 9.3, DISTRICT_HOLY_SITE, 9.3, 136
77, LOC_CITY_NAME_MOHENJO_DARO, 2.3, UNIT_SCOUT, 11.5, 30
77, LOC_CITY_NAME_MBANZA_KONGO, 17.7, UNIT_WARRIOR, 17.7, 40
77, LOC_CITY_NAME_MBUMBI, 2.4, BUILDING_GRANARY, 2.4, 65
77, LOC_CITY_NAME_TENOCHTITLAN, 10.0, UNIT_AZTEC_EAGLE_WARRIOR, 45.0, 65
77, LOC_CITY_NAME_TEOTIHUACAN, 6.2, DISTRICT_CAMPUS, 102.5, 107
77, LOC_CITY_NAME_JAKARTA, 5.9, BUILDING_WATER_MILL, 29.2, 80
77, LOC_CITY_NAME_HATTUSA, 6.0, BUILDING_WALLS, 18.6, 80
77, LOC_CITY_NAME_ZANZIBAR, 6.6, BUILDING_WATER_MILL, 26.4, 80
77, LOC_CITY_NAME_JERUSALEM, 4.1, PROJECT_ENHANCE_DISTRICT_HOLY_SITE, 28.4, 70
77, LOC_CITY_NAME_VALLETTA, 12.2, UNIT_BUILDER, 53.7, 62
77, LOC_CITY_NAME_PRESLAV, 4.5, BUILDING_WALLS, 4.5, 80
77, LOC_CITY_NAME_LISBON, 5.4, BUILDING_WATER_MILL, 32.0, 80
77, LOC_CITY_NAME_CARTHAGE, 2.7, BUILDING_WATER_MILL, 6.0, 80
77, LOC_CITY_NAME_KABUL, 4.5, UNIT_ARCHER, 31.0, 60
77, LOC_CITY_NAME_AMSTERDAM, 2.7, BUILDING_MARKET, 23.8, 120
77, LOC_CITY_NAME_PALENQUE, 12.2, UNIT_HORSEMAN, 86.1, 80
77, LOC_CITY_NAME_STOCKHOLM, 6.3, PROJECT_ENHANCE_DISTRICT_CAMPUS, 77.8, 74
77, LOC_CITY_NAME_ARMAGH, 7.0, PROJECT_ENHANCE_DISTRICT_HOLY_SITE, 39.0, 74
77, LOC_CITY_NAME_KANDY, 3.0, PROJECT_ENHANCE_DISTRICT_HOLY_SITE, 29.4, 74
77, LOC_CITY_NAME_KUMASI, 13.2, UNIT_ARCHER, 36.7, 60
77, LOC_CITY_NAME_GRANADA, 27.0, UNIT_ARCHER, 27.0, 60
77, LOC_CITY_NAME_BRUSSELS, 4.5, BUILDING_WATER_MILL, 65.7, 80
78, LOC_CITY_NAME_ROME, 26.4, BUILDING_MARKET, 26.4, 120
78, LOC_CITY_NAME_ANTIUM, 8.8, BUILDING_WALLS, 57.2, 80
78, LOC_CITY_NAME_XIAN, 15.6, UNIT_SETTLER, 79.7, 140
78, LOC_CITY_NAME_BEIJING, 8.8, UNIT_WARRIOR, 29.5, 40
78, LOC_CITY_NAME_KYOTO, 28.8, DISTRICT_ENCAMPMENT, 96.2, 131
78, LOC_CITY_NAME_FUKUOKA, 17.0, UNIT_ARCHER, 17.0, 60
78, LOC_CITY_NAME_YOKOHAMA, 10.0, DISTRICT_HOLY_SITE, 52.2, 131
78, LOC_CITY_NAME_WASHINGTON, 19.5, DISTRICT_THEATER, 48.0, 122
78, LOC_CITY_NAME_PHILADELPHIA, 9.1, UNIT_HEAVY_CHARIOT, 33.2, 65
78, LOC_CITY_NAME_MADRID, 12.5, DISTRICT_HARBOR, 92.1, 117
78, LOC_CITY_NAME_BARCELONA, 7.5, BUILDING_ORACLE, 246.6, 290
78, LOC_CITY_NAME_VALENCIA, 5.0, UNIT_TRADER, 40.0, 56
78, LOC_CITY_NAME_RA_KEDET, 10.0, BUILDING_SHRINE, 33.9, 70
78, LOC_CITY_NAME_MEMPHIS, 4.8, UNIT_BUILDER, 49.7, 54
78, LOC_CITY_NAME_SHEDET, 6.2, DISTRICT_HOLY_SITE, 15.5, 136
78, LOC_CITY_NAME_MOHENJO_DARO, 2.3, UNIT_SCOUT, 13.8, 30
78, LOC_CITY_NAME_MBANZA_KONGO, 13.8, UNIT_WARRIOR, 31.4, 40
78, LOC_CITY_NAME_MBUMBI, 2.4, BUILDING_GRANARY, 4.8, 65
78, LOC_CITY_NAME_TENOCHTITLAN, 7.5, UNIT_AZTEC_EAGLE_WARRIOR, 52.5, 65
78, LOC_CITY_NAME_TEOTIHUACAN, 8.8, DISTRICT_CAMPUS, 111.2, 107
78, LOC_CITY_NAME_JAKARTA, 5.9, BUILDING_WATER_MILL, 35.1, 80
78, LOC_CITY_NAME_HATTUSA, 6.0, BUILDING_WALLS, 24.6, 80
78, LOC_CITY_NAME_ZANZIBAR, 6.6, BUILDING_WATER_MILL, 33.0, 80
78, LOC_CITY_NAME_JERUSALEM, 4.1, PROJECT_ENHANCE_DISTRICT_HOLY_SITE, 32.4, 70
78, LOC_CITY_NAME_VALLETTA, 12.2, UNIT_BUILDER, 65.8, 62
78, LOC_CITY_NAME_PRESLAV, 1.8, BUILDING_WALLS, 6.3, 80
78, LOC_CITY_NAME_LISBON, 5.4, BUILDING_WATER_MILL, 37.4, 80
78, LOC_CITY_NAME_CARTHAGE, 2.7, BUILDING_WATER_MILL, 8.7, 80
78, LOC_CITY_NAME_KABUL, 4.5, UNIT_ARCHER, 35.5, 60
78, LOC_CITY_NAME_AMSTERDAM, 2.7, BUILDING_MARKET, 26.5, 120
78, LOC_CITY_NAME_PALENQUE, 18.2, UNIT_HORSEMAN, 18.2, 80
78, LOC_CITY_NAME_STOCKHOLM, 10.1, PROJECT_ENHANCE_DISTRICT_CAMPUS, 10.1, 74
78, LOC_CITY_NAME_ARMAGH, 6.8, PROJECT_ENHANCE_DISTRICT_HOLY_SITE, 45.8, 74
78, LOC_CITY_NAME_KANDY, 3.0, PROJECT_ENHANCE_DISTRICT_HOLY_SITE, 32.4, 74
78, LOC_CITY_NAME_KUMASI, 13.2, UNIT_ARCHER, 49.9, 60
78, LOC_CITY_NAME_GRANADA, 9.4, UNIT_ARCHER, 36.4, 60
78, LOC_CITY_NAME_BRUSSELS, 4.5, BUILDING_WATER_MILL, 70.2, 80
79, LOC_CITY_NAME_ROME, 14.7, BUILDING_MARKET, 41.1, 120
79, LOC_CITY_NAME_ANTIUM, 8.8, BUILDING_WALLS, 66.0, 80
79, LOC_CITY_NAME_XIAN, 15.6, UNIT_SETTLER, 95.3, 140
79, LOC_CITY_NAME_BEIJING, 8.8, UNIT_WARRIOR, 38.2, 40
79, LOC_CITY_NAME_KYOTO, 28.8, DISTRICT_ENCAMPMENT, 125.0, 131
79, LOC_CITY_NAME_FUKUOKA, 8.8, UNIT_ARCHER, 25.7, 60
79, LOC_CITY_NAME_YOKOHAMA, 12.5, DISTRICT_HOLY_SITE, 64.8, 131
79, LOC_CITY_NAME_WASHINGTON, 19.5, DISTRICT_THEATER, 67.5, 122
79, LOC_CITY_NAME_PHILADELPHIA, 9.1, UNIT_HEAVY_CHARIOT, 42.3, 65
79, LOC_CITY_NAME_MADRID, 12.5, DISTRICT_HARBOR, 104.6, 117
79, LOC_CITY_NAME_BARCELONA, 7.5, BUILDING_ORACLE, 254.1, 290
79, LOC_CITY_NAME_VALENCIA, 5.0, UNIT_TRADER, 45.0, 56
79, LOC_CITY_NAME_RA_KEDET, 8.8, BUILDING_SHRINE, 42.6, 70
79, LOC_CITY_NAME_MEMPHIS, 4.8, UNIT_BUILDER, 54.5, 54
79, LOC_CITY_NAME_SHEDET, 6.2, DISTRICT_HOLY_SITE, 21.8, 136
79, LOC_CITY_NAME_MOHENJO_DARO, 2.3, UNIT_SCOUT, 16.1, 30
79, LOC_CITY_NAME_MBANZA_KONGO, 13.8, UNIT_WARRIOR, 45.2, 40
79, LOC_CITY_NAME_MBUMBI, 3.6, BUILDING_GRANARY, 8.4, 65
79, LOC_CITY_NAME_TENOCHTITLAN, 10.0, UNIT_AZTEC_EAGLE_WARRIOR, 62.5, 65
79, LOC_CITY_NAME_TEOTIHUACAN, 10.5, UNIT_SETTLER, 10.5, 110
79, LOC_CITY_NAME_JAKARTA, 5.9, BUILDING_WATER_MILL, 40.9, 80
79, LOC_CITY_NAME_HATTUSA, 7.0, BUILDING_WALLS, 31.6, 80
79, LOC_CITY_NAME_ZANZIBAR, 6.6, BUILDING_WATER_MILL, 39.6, 80
79, LOC_CITY_NAME_JERUSALEM, 4.1, PROJECT_ENHANCE_DISTRICT_HOLY_SITE, 36.5, 70
79, LOC_CITY_NAME_VALLETTA, 16.0, UNIT_ARCHER, 16.0, 60
79, LOC_CITY_NAME_PRESLAV, 1.8, BUILDING_WALLS, 8.1, 80
79, LOC_CITY_NAME_LISBON, 5.4, BUILDING_WATER_MILL, 42.8, 80
79, LOC_CITY_NAME_CARTHAGE, 2.7, BUILDING_WATER_MILL, 11.4, 80
79, LOC_CITY_NAME_KABUL, 4.5, UNIT_ARCHER, 40.0, 60
79, LOC_CITY_NAME_AMSTERDAM, 2.7, BUILDING_MARKET, 29.2, 120
79, LOC_CITY_NAME_PALENQUE, 12.2, UNIT_HORSEMAN, 30.4, 80
79, LOC_CITY_NAME_STOCKHOLM, 6.3, PROJECT_ENHANCE_DISTRICT_CAMPUS, 16.4, 74
79, LOC_CITY_NAME_ARMAGH, 6.8, PROJECT_ENHANCE_DISTRICT_HOLY_SITE, 52.5, 74
79, LOC_CITY_NAME_KANDY, 3.0, PROJECT_ENHANCE_DISTRICT_HOLY_SITE, 35.4, 81
79, LOC_CITY_NAME_KUMASI, 13.2, UNIT_ARCHER, 63.1, 60
79, LOC_CITY_NAME_GRANADA, 9.4, UNIT_ARCHER, 45.9, 60
79, LOC_CITY_NAME_BRUSSELS, 4.5, BUILDING_WATER_MILL, 74.7, 80
79, LOC_CITY_NAME_BRUSSELS, 23.0, BUILDING_WATER_MILL, 97.7, 80
80, LOC_CITY_NAME_ROME, 14.7, BUILDING_MARKET, 55.8, 120
80, LOC_CITY_NAME_ANTIUM, 8.8, BUILDING_WALLS, 74.8, 80
80, LOC_CITY_NAME_XIAN, 15.6, UNIT_SETTLER, 110.9, 140
80, LOC_CITY_NAME_BEIJING, 8.8, UNIT_WARRIOR, 47.0, 40
80, LOC_CITY_NAME_KYOTO, 28.8, DISTRICT_ENCAMPMENT, 153.8, 131
80, LOC_CITY_NAME_FUKUOKA, 8.8, UNIT_ARCHER, 34.5, 60
80, LOC_CITY_NAME_YOKOHAMA, 15.0, DISTRICT_HOLY_SITE, 79.8, 131
80, LOC_CITY_NAME_WASHINGTON, 19.5, DISTRICT_THEATER, 87.0, 122
80, LOC_CITY_NAME_PHILADELPHIA, 9.1, UNIT_HEAVY_CHARIOT, 51.4, 65
80, LOC_CITY_NAME_MADRID, 12.5, DISTRICT_HARBOR, 117.1, 117
80, LOC_CITY_NAME_BARCELONA, 7.5, BUILDING_ORACLE, 261.6, 290
80, LOC_CITY_NAME_VALENCIA, 5.0, UNIT_TRADER, 50.0, 59
80, LOC_CITY_NAME_RA_KEDET, 9.6, BUILDING_SHRINE, 52.2, 70
80, LOC_CITY_NAME_MEMPHIS, 7.7, UNIT_SETTLER, 7.7, 140
80, LOC_CITY_NAME_SHEDET, 6.2, DISTRICT_HOLY_SITE, 28.0, 136
80, LOC_CITY_NAME_MOHENJO_DARO, 3.4, UNIT_SCOUT, 19.5, 30
80, LOC_CITY_NAME_MBANZA_KONGO, 16.4, BUILDING_GRANARY, 16.4, 65
80, LOC_CITY_NAME_MBUMBI, 3.6, BUILDING_GRANARY, 12.0, 65
80, LOC_CITY_NAME_TENOCHTITLAN, 7.5, UNIT_AZTEC_EAGLE_WARRIOR, 70.0, 65
80, LOC_CITY_NAME_TEOTIHUACAN, 8.8, UNIT_SETTLER, 19.2, 110
80, LOC_CITY_NAME_JAKARTA, 5.9, BUILDING_WATER_MILL, 46.8, 80
80, LOC_CITY_NAME_HATTUSA, 7.0, BUILDING_WALLS, 38.6, 80
80, LOC_CITY_NAME_ZANZIBAR, 19.8, UNIT_ARCHER, 19.8, 60
80, LOC_CITY_NAME_JERUSALEM, 4.5, PROJECT_ENHANCE_DISTRICT_HOLY_SITE, 41.0, 70
80, LOC_CITY_NAME_VALLETTA, 14.9, UNIT_ARCHER, 30.8, 60
80, LOC_CITY_NAME_PRESLAV, 1.8, BUILDING_WALLS, 9.9, 80
80, LOC_CITY_NAME_LISBON, 5.4, BUILDING_WATER_MILL, 48.2, 80
80, LOC_CITY_NAME_CARTHAGE, 2.7, BUILDING_WATER_MILL, 14.1, 80
80, LOC_CITY_NAME_KABUL, 4.5, UNIT_ARCHER, 44.5, 60
80, LOC_CITY_NAME_AMSTERDAM, 2.7, BUILDING_MARKET, 31.9, 120
80, LOC_CITY_NAME_PALENQUE, 12.2, UNIT_HORSEMAN, 42.5, 80
80, LOC_CITY_NAME_STOCKHOLM, 6.3, PROJECT_ENHANCE_DISTRICT_CAMPUS, 22.8, 81
80, LOC_CITY_NAME_ARMAGH, 6.8, PROJECT_ENHANCE_DISTRICT_HOLY_SITE, 59.2, 74
80, LOC_CITY_NAME_KANDY, 3.0, PROJECT_ENHANCE_DISTRICT_HOLY_SITE, 38.4, 81
80, LOC_CITY_NAME_KUMASI, 29.6, DISTRICT_THEATER, 29.6, 117
80, LOC_CITY_NAME_GRANADA, 9.4, UNIT_ARCHER, 55.3, 60
81, LOC_CITY_NAME_ROME, 14.7, BUILDING_MARKET, 70.5, 120
81, LOC_CITY_NAME_ANTIUM, 8.8, BUILDING_WALLS, 83.6, 80
81, LOC_CITY_NAME_XIAN, 15.6, UNIT_SETTLER, 126.5, 140
81, LOC_CITY_NAME_BEIJING, 15.8, UNIT_BUILDER, 15.8, 54
81, LOC_CITY_NAME_KYOTO, 37.2, BUILDING_BARRACKS, 37.2, 90
81, LOC_CITY_NAME_FUKUOKA, 8.8, UNIT_ARCHER, 43.2, 60
81, LOC_CITY_NAME_YOKOHAMA, 15.0, DISTRICT_HOLY_SITE, 94.8, 131
81, LOC_CITY_NAME_WASHINGTON, 19.5, DISTRICT_THEATER, 106.5, 122
81, LOC_CITY_NAME_PHILADELPHIA, 9.1, UNIT_HEAVY_CHARIOT, 60.5, 65
81, LOC_CITY_NAME_MADRID, 12.6, UNIT_SETTLER, 12.6, 140
81, LOC_CITY_NAME_BARCELONA, 11.2, BUILDING_ORACLE, 272.8, 290
81, LOC_CITY_NAME_VALENCIA, 5.0, UNIT_TRADER, 55.0, 59
81, LOC_CITY_NAME_RA_KEDET, 9.6, BUILDING_SHRINE, 61.8, 70
81, LOC_CITY_NAME_MEMPHIS, 7.2, UNIT_SETTLER, 14.9, 140
81, LOC_CITY_NAME_SHEDET, 6.2, DISTRICT_HOLY_SITE, 34.3, 136
81, LOC_CITY_NAME_MOHENJO_DARO, 3.4, UNIT_SCOUT, 23.0, 30
81, LOC_CITY_NAME_MBANZA_KONGO, 11.2, BUILDING_GRANARY, 27.7, 65
81, LOC_CITY_NAME_MBUMBI, 3.6, BUILDING_GRANARY, 15.6, 65
81, LOC_CITY_NAME_TENOCHTITLAN, 15.0, DISTRICT_HOLY_SITE, 107.5, 102
81, LOC_CITY_NAME_TEOTIHUACAN, 6.2, UNIT_SETTLER, 25.5, 110
81, LOC_CITY_NAME_JAKARTA, 5.9, BUILDING_WATER_MILL, 52.6, 80
81, LOC_CITY_NAME_HATTUSA, 7.0, BUILDING_WALLS, 45.6, 80
81, LOC_CITY_NAME_ZANZIBAR, 19.8, UNIT_ARCHER, 39.6, 60
81, LOC_CITY_NAME_JERUSALEM, 4.5, PROJECT_ENHANCE_DISTRICT_HOLY_SITE, 45.5, 70
81, LOC_CITY_NAME_VALLETTA, 14.9, UNIT_ARCHER, 45.7, 60
81, LOC_CITY_NAME_PRESLAV, 1.8, BUILDING_WALLS, 11.7, 80
81, LOC_CITY_NAME_LISBON, 5.4, BUILDING_WATER_MILL, 53.6, 80
81, LOC_CITY_NAME_CARTHAGE, 2.7, BUILDING_WATER_MILL, 16.8, 80
81, LOC_CITY_NAME_KABUL, 4.5, UNIT_ARCHER, 49.0, 60
81, LOC_CITY_NAME_AMSTERDAM, 2.7, BUILDING_MARKET, 34.6, 120
81, LOC_CITY_NAME_PALENQUE, 12.2, UNIT_HORSEMAN, 54.7, 80
81, LOC_CITY_NAME_STOCKHOLM, 6.3, PROJECT_ENHANCE_DISTRICT_CAMPUS, 29.1, 84
81, LOC_CITY_NAME_ARMAGH, 6.8, PROJECT_ENHANCE_DISTRICT_HOLY_SITE, 66.0, 81
81, LOC_CITY_NAME_KANDY, 3.0, PROJECT_ENHANCE_DISTRICT_HOLY_SITE, 41.4, 81
81, LOC_CITY_NAME_KUMASI, 26.4, DISTRICT_THEATER, 56.0, 117
81, LOC_CITY_NAME_GRANADA, 9.4, UNIT_ARCHER, 64.8, 60
81, LOC_CITY_NAME_BRUSSELS, 18.0, UNIT_ARCHER, 18.0, 60
82, LOC_CITY_NAME_ROME, 14.7, BUILDING_MARKET, 85.2, 120
82, LOC_CITY_NAME_ANTIUM, 12.4, BUILDING_STONEHENGE, 12.4, 180
82, LOC_CITY_NAME_XIAN, 15.6, UNIT_SETTLER, 142.1, 140
82, LOC_CITY_NAME_BEIJING, 8.8, UNIT_BUILDER, 24.5, 54
82, LOC_CITY_NAME_KYOTO, 14.4, BUILDING_BARRACKS, 51.6, 90
82, LOC_CITY_NAME_FUKUOKA, 8.8, UNIT_ARCHER, 52.0, 60
82, LOC_CITY_NAME_YOKOHAMA, 15.0, DISTRICT_HOLY_SITE, 109.8, 131
82, LOC_CITY_NAME_WASHINGTON, 19.5, DISTRICT_THEATER, 126.0, 122
82, LOC_CITY_NAME_PHILADELPHIA, 11.7, UNIT_HEAVY_CHARIOT, 72.2, 65
82, LOC_CITY_NAME_MADRID, 12.5, UNIT_SETTLER, 25.1, 140
82, LOC_CITY_NAME_BARCELONA, 11.2, BUILDING_ORACLE, 284.1, 290
82, LOC_CITY_NAME_VALENCIA, 5.0, UNIT_TRADER, 60.0, 59
82, LOC_CITY_NAME_RA_KEDET, 10.8, BUILDING_SHRINE, 72.6, 70
82, LOC_CITY_NAME_MEMPHIS, 6.0, UNIT_SETTLER, 20.9, 140
82, LOC_CITY_NAME_SHEDET, 7.5, DISTRICT_HOLY_SITE, 41.8, 136
82, LOC_CITY_NAME_MOHENJO_DARO, 4.6, UNIT_SCOUT, 27.6, 30
82, LOC_CITY_NAME_MBANZA_KONGO, 11.2, BUILDING_GRANARY, 38.9, 65
82, LOC_CITY_NAME_MBUMBI, 3.6, BUILDING_GRANARY, 19.2, 65
82, LOC_CITY_NAME_TENOCHTITLAN, 22.5, UNIT_AZTEC_EAGLE_WARRIOR, 22.5, 65
82, LOC_CITY_NAME_TEOTIHUACAN, 8.8, UNIT_SETTLER, 34.2, 110
82, LOC_CITY_NAME_JAKARTA, 5.9, BUILDING_WATER_MILL, 58.5, 80
82, LOC_CITY_NAME_HATTUSA, 7.0, BUILDING_WALLS, 52.6, 80
82, LOC_CITY_NAME_ZANZIBAR, 19.8, UNIT_ARCHER, 59.4, 60
82, LOC_CITY_NAME_JERUSALEM, 4.5, PROJECT_ENHANCE_DISTRICT_HOLY_SITE, 50.0, 70
82, LOC_CITY_NAME_VALLETTA, 14.9, UNIT_ARCHER, 60.6, 60
82, LOC_CITY_NAME_PRESLAV, 1.8, BUILDING_WALLS, 13.5, 80
82, LOC_CITY_NAME_LISBON, 5.4, BUILDING_WATER_MILL, 59.0, 80
82, LOC_CITY_NAME_CARTHAGE, 2.7, BUILDING_WATER_MILL, 19.5, 80
82, LOC_CITY_NAME_KABUL, 4.5, UNIT_ARCHER, 53.5, 60
82, LOC_CITY_NAME_AMSTERDAM, 2.7, BUILDING_MARKET, 37.3, 120
82, LOC_CITY_NAME_PALENQUE, 12.2, UNIT_HORSEMAN, 66.8, 80
82, LOC_CITY_NAME_STOCKHOLM, 6.3, PROJECT_ENHANCE_DISTRICT_CAMPUS, 35.4, 84
82, LOC_CITY_NAME_ARMAGH, 6.8, PROJECT_ENHANCE_DISTRICT_HOLY_SITE, 72.8, 81
82, LOC_CITY_NAME_KANDY, 3.2, PROJECT_ENHANCE_DISTRICT_HOLY_SITE, 44.5, 81
82, LOC_CITY_NAME_KUMASI, 26.4, DISTRICT_THEATER, 82.4, 117
82, LOC_CITY_NAME_GRANADA, 14.2, UNIT_ARCHER, 14.2, 60
82, LOC_CITY_NAME_BRUSSELS, 13.5, UNIT_ARCHER, 31.5, 60
82, LOC_CITY_NAME_BRUSSELS, 69.0, UNIT_ARCHER, 100.5, 60
83, LOC_CITY_NAME_ROME, 14.7, BUILDING_MARKET, 99.9, 120
83, LOC_CITY_NAME_ANTIUM, 8.8, BUILDING_STONEHENGE, 21.2, 180
83, LOC_CITY_NAME_XIAN, 15.8, UNIT_WARRIOR, 15.8, 40
83, LOC_CITY_NAME_BEIJING, 8.8, UNIT_BUILDER, 33.2, 54
83, LOC_CITY_NAME_KYOTO, 14.4, BUILDING_BARRACKS, 66.0, 90
83, LOC_CITY_NAME_FUKUOKA, 8.8, UNIT_ARCHER, 60.7, 60
83, LOC_CITY_NAME_YOKOHAMA, 15.0, DISTRICT_HOLY_SITE, 124.8, 131
83, LOC_CITY_NAME_WASHINGTON, 23.5, BUILDING_AMPHITHEATER, 23.5, 150
83, LOC_CITY_NAME_PHILADELPHIA, 20.2, DISTRICT_THEATER, 20.2, 122
83, LOC_CITY_NAME_BOSTON, 1.3, UNIT_TRADER, 1.3, 59
83, LOC_CITY_NAME_MADRID, 12.5, UNIT_SETTLER, 37.6, 140
83, LOC_CITY_NAME_BARCELONA, 11.2, BUILDING_ORACLE, 295.3, 290
83, LOC_CITY_NAME_VALENCIA, 8.5, UNIT_BUILDER, 8.5, 58
83, LOC_CITY_NAME_RA_KEDET, 10.8, BUILDING_TEMPLE, 10.8, 120
83, LOC_CITY_NAME_MEMPHIS, 6.0, UNIT_SETTLER, 26.9, 140
83, LOC_CITY_NAME_SHEDET, 7.5, DISTRICT_HOLY_SITE, 49.3, 136
83, LOC_CITY_NAME_MOHENJO_DARO, 4.6, UNIT_SCOUT, 32.2, 30
83, LOC_CITY_NAME_MBANZA_KONGO, 11.2, BUILDING_GRANARY, 50.2, 65
83, LOC_CITY_NAME_MBUMBI, 3.6, BUILDING_GRANARY, 22.8, 65
83, LOC_CITY_NAME_TENOCHTITLAN, 10.0, UNIT_AZTEC_EAGLE_WARRIOR, 32.5, 65
83, LOC_CITY_NAME_TEOTIHUACAN, 6.2, UNIT_SETTLER, 40.5, 110
83, LOC_CITY_NAME_JAKARTA, 5.9, BUILDING_WATER_MILL, 64.3, 80
83, LOC_CITY_NAME_HATTUSA, 7.0, BUILDING_WALLS, 59.6, 80
83, LOC_CITY_NAME_ZANZIBAR, 19.8, UNIT_ARCHER, 79.2, 60
83, LOC_CITY_NAME_JERUSALEM, 4.5, PROJECT_ENHANCE_DISTRICT_HOLY_SITE, 54.5, 70
83, LOC_CITY_NAME_VALLETTA, 15.4, UNIT_ARCHER, 15.4, 60
83, LOC_CITY_NAME_PRESLAV, 1.6, BUILDING_WALLS, 15.1, 80
83, LOC_CITY_NAME_LISBON, 5.4, BUILDING_WATER_MILL, 64.4, 80
83, LOC_CITY_NAME_CARTHAGE, 2.7, BUILDING_WATER_MILL, 22.2, 80
83, LOC_CITY_NAME_KABUL, 4.5, UNIT_ARCHER, 58.0, 60
83, LOC_CITY_NAME_AMSTERDAM, 2.7, BUILDING_MARKET, 40.0, 120
83, LOC_CITY_NAME_PALENQUE, 12.2, UNIT_HORSEMAN, 79.0, 80
83, LOC_CITY_NAME_STOCKHOLM, 6.3, PROJECT_ENHANCE_DISTRICT_CAMPUS, 41.7, 84
83, LOC_CITY_NAME_ARMAGH, 6.8, PROJECT_ENHANCE_DISTRICT_HOLY_SITE, 79.5, 84
83, LOC_CITY_NAME_KANDY, 3.6, PROJECT_ENHANCE_DISTRICT_HOLY_SITE, 48.1, 81
83, LOC_CITY_NAME_KUMASI, 26.4, DISTRICT_THEATER, 108.8, 117
83, LOC_CITY_NAME_GRANADA, 9.4, UNIT_ARCHER, 23.7, 60
84, LOC_CITY_NAME_ROME, 14.7, BUILDING_MARKET, 114.6, 120
84, LOC_CITY_NAME_ANTIUM, 8.8, BUILDING_STONEHENGE, 30.0, 180
84, LOC_CITY_NAME_XIAN, 13.8, UNIT_WARRIOR, 29.6, 40
84, LOC_CITY_NAME_BEIJING, 8.8, UNIT_BUILDER, 42.0, 54
84, LOC_CITY_NAME_KYOTO, 16.8, BUILDING_BARRACKS, 82.8, 90
84, LOC_CITY_NAME_FUKUOKA, 9.5, BUILDING_SHRINE, 9.5, 70
84, LOC_CITY_NAME_YOKOHAMA, 15.0, DISTRICT_HOLY_SITE, 139.8, 131
84, LOC_CITY_NAME_WASHINGTON, 19.5, BUILDING_AMPHITHEATER, 43.0, 150
84, LOC_CITY_NAME_PHILADELPHIA, 13.0, DISTRICT_THEATER, 33.2, 122
84, LOC_CITY_NAME_BOSTON, 1.3, UNIT_TRADER, 2.6, 59
84, LOC_CITY_NAME_MADRID, 12.5, UNIT_SETTLER, 50.1, 140
84, LOC_CITY_NAME_BARCELONA, 15.3, DISTRICT_HOLY_SITE, 15.3, 131
84, LOC_CITY_NAME_VALENCIA, 10.0, UNIT_BUILDER, 18.5, 58
84, LOC_CITY_NAME_RA_KEDET, 12.5, BUILDING_TEMPLE, 23.3, 120
84, LOC_CITY_NAME_MEMPHIS, 6.2, UNIT_SETTLER, 33.1, 140
84, LOC_CITY_NAME_SHEDET, 7.5, DISTRICT_HOLY_SITE, 56.8, 136
84, LOC_CITY_NAME_MOHENJO_DARO, 7.0, BUILDING_GRANARY, 55.0, 65
84, LOC_CITY_NAME_MBANZA_KONGO, 11.2, BUILDING_GRANARY, 61.4, 65
84, LOC_CITY_NAME_MBUMBI, 3.6, BUILDING_GRANARY, 26.4, 65
84, LOC_CITY_NAME_MPINDA, 1.2, UNIT_SCOUT, 1.2, 30
84, LOC_CITY_NAME_TENOCHTITLAN, 7.5, UNIT_AZTEC_EAGLE_WARRIOR, 40.0, 65
84, LOC_CITY_NAME_TEOTIHUACAN, 8.8, UNIT_SETTLER, 49.2, 110
84, LOC_CITY_NAME_JAKARTA, 5.9, BUILDING_WATER_MILL, 70.2, 80
84, LOC_CITY_NAME_HATTUSA, 7.5, BUILDING_WALLS, 67.1, 80
84, LOC_CITY_NAME_ZANZIBAR, 39.0, UNIT_ARCHER, 39.0, 60
84, LOC_CITY_NAME_JERUSALEM, 4.5, PROJECT_ENHANCE_DISTRICT_HOLY_SITE, 59.0, 70
84, LOC_CITY_NAME_VALLETTA, 14.9, UNIT_ARCHER, 30.3, 60
84, LOC_CITY_NAME_PRESLAV, 1.6, BUILDING_WALLS, 16.7, 80
84, LOC_CITY_NAME_LISBON, 5.4, BUILDING_WATER_MILL, 69.8, 80
84, LOC_CITY_NAME_CARTHAGE, 2.7, BUILDING_WATER_MILL, 24.9, 80
84, LOC_CITY_NAME_KABUL, 4.5, UNIT_ARCHER, 62.5, 60
84, LOC_CITY_NAME_AMSTERDAM, 2.7, BUILDING_MARKET, 42.7, 120
84, LOC_CITY_NAME_PALENQUE, 12.2, UNIT_HORSEMAN, 91.1, 80
84, LOC_CITY_NAME_STOCKHOLM, 6.3, PROJECT_ENHANCE_DISTRICT_CAMPUS, 48.0, 84
84, LOC_CITY_NAME_ARMAGH, 6.8, PROJECT_ENHANCE_DISTRICT_HOLY_SITE, 86.2, 91
84, LOC_CITY_NAME_KANDY, 3.6, PROJECT_ENHANCE_DISTRICT_HOLY_SITE, 51.7, 81
84, LOC_CITY_NAME_KUMASI, 26.4, DISTRICT_THEATER, 135.2, 117
84, LOC_CITY_NAME_GRANADA, 9.4, UNIT_ARCHER, 33.1, 60
84, LOC_CITY_NAME_BRUSSELS, 18.0, UNIT_ARCHER, 18.0, 60
85, LOC_CITY_NAME_ROME, 14.7, BUILDING_MARKET, 129.2, 120
85, LOC_CITY_NAME_ANTIUM, 8.8, BUILDING_STONEHENGE, 38.8, 180
85, LOC_CITY_NAME_XIAN, 13.8, UNIT_WARRIOR, 43.3, 40
85, LOC_CITY_NAME_BEIJING, 8.8, UNIT_BUILDER, 50.8, 54
85, LOC_CITY_NAME_KYOTO, 16.8, BUILDING_BARRACKS, 99.6, 90
85, LOC_CITY_NAME_FUKUOKA, 8.8, BUILDING_SHRINE, 18.2, 70
85, LOC_CITY_NAME_YOKOHAMA, 17.3, BUILDING_STONEHENGE, 17.3, 180
85, LOC_CITY_NAME_WASHINGTON, 19.5, BUILDING_AMPHITHEATER, 62.5, 150
85, LOC_CITY_NAME_PHILADELPHIA, 13.0, DISTRICT_THEATER, 46.2, 122
85, LOC_CITY_NAME_BOSTON, 1.3, UNIT_TRADER, 3.9, 59
85, LOC_CITY_NAME_MADRID, 12.5, UNIT_SETTLER, 62.6, 140
85, LOC_CITY_NAME_BARCELONA, 9.6, DISTRICT_HOLY_SITE, 24.9, 131
85, LOC_CITY_NAME_VALENCIA, 10.0, UNIT_BUILDER, 28.5, 58
85, LOC_CITY_NAME_RA_KEDET, 12.5, BUILDING_TEMPLE, 35.8, 120
85, LOC_CITY_NAME_MEMPHIS, 6.2, UNIT_SETTLER, 39.4, 140
85, LOC_CITY_NAME_SHEDET, 7.5, DISTRICT_HOLY_SITE, 64.3, 136
85, LOC_CITY_NAME_MOHENJO_DARO, 4.8, BUILDING_GRANARY, 59.8, 65
85, LOC_CITY_NAME_MBANZA_KONGO, 11.2, BUILDING_GRANARY, 72.7, 65
85, LOC_CITY_NAME_MBUMBI, 3.6, BUILDING_GRANARY, 30.0, 65
85, LOC_CITY_NAME_MPINDA, 1.2, UNIT_SCOUT, 2.4, 30
85, LOC_CITY_NAME_TENOCHTITLAN, 9.6, UNIT_AZTEC_EAGLE_WARRIOR, 49.6, 65
85, LOC_CITY_NAME_TEOTIHUACAN, 6.0, UNIT_SETTLER, 55.2, 110
85, LOC_CITY_NAME_JAKARTA, 5.9, BUILDING_WATER_MILL, 76.0, 80
85, LOC_CITY_NAME_JAKARTA, 23.0, BUILDING_WATER_MILL, 99.0, 80
85, LOC_CITY_NAME_HATTUSA, 7.5, BUILDING_WALLS, 74.6, 80
85, LOC_CITY_NAME_ZANZIBAR, 19.8, UNIT_ARCHER, 58.8, 60
85, LOC_CITY_NAME_JERUSALEM, 4.1, PROJECT_ENHANCE_DISTRICT_HOLY_SITE, 63.0, 77
85, LOC_CITY_NAME_VALLETTA, 14.9, UNIT_ARCHER, 45.1, 60
85, LOC_CITY_NAME_PRESLAV, 1.6, BUILDING_WALLS, 18.3, 80
85, LOC_CITY_NAME_LISBON, 5.4, BUILDING_WATER_MILL, 75.2, 80
85, LOC_CITY_NAME_CARTHAGE, 2.7, BUILDING_WATER_MILL, 27.6, 80
85, LOC_CITY_NAME_KABUL, 7.0, BUILDING_WATER_MILL, 7.0, 80
85, LOC_CITY_NAME_AMSTERDAM, 2.7, BUILDING_MARKET, 45.4, 120
85, LOC_CITY_NAME_PALENQUE, 15.2, BUILDING_LIBRARY, 15.2, 90
85, LOC_CITY_NAME_STOCKHOLM, 6.3, PROJECT_ENHANCE_DISTRICT_CAMPUS, 54.3, 84
85, LOC_CITY_NAME_ARMAGH, 6.8, PROJECT_ENHANCE_DISTRICT_HOLY_SITE, 93.0, 95
85, LOC_CITY_NAME_KANDY, 3.6, PROJECT_ENHANCE_DISTRICT_HOLY_SITE, 55.3, 84
85, LOC_CITY_NAME_KUMASI, 22.6, BUILDING_AMPHITHEATER, 22.6, 150
85, LOC_CITY_NAME_GRANADA, 9.4, UNIT_ARCHER, 42.6, 60
85, LOC_CITY_NAME_BRUSSELS, 13.5, UNIT_ARCHER, 31.5, 60
86, LOC_CITY_NAME_ROME, 23.9, UNIT_TRADER, 23.9, 62
86, LOC_CITY_NAME_ANTIUM, 8.8, BUILDING_STONEHENGE, 47.6, 180
86, LOC_CITY_NAME_XIAN, 17.1, UNIT_WARRIOR, 17.1, 40
86, LOC_CITY_NAME_BEIJING, 8.8, UNIT_BUILDER, 59.5, 54
86, LOC_CITY_NAME_KYOTO, 45.6, DISTRICT_THEATER, 45.6, 146
86, LOC_CITY_NAME_FUKUOKA, 8.8, BUILDING_SHRINE, 27.0, 70
86, LOC_CITY_NAME_YOKOHAMA, 8.6, BUILDING_STONEHENGE, 25.9, 180
86, LOC_CITY_NAME_WASHINGTON, 22.5, BUILDING_AMPHITHEATER, 85.0, 150
86, LOC_CITY_NAME_PHILADELPHIA, 13.0, DISTRICT_THEATER, 59.2, 122
86, LOC_CITY_NAME_BOSTON, 1.3, UNIT_TRADER, 5.2, 59
86, LOC_CITY_NAME_MADRID, 12.5, UNIT_SETTLER, 75.1, 140
86, LOC_CITY_NAME_BARCELONA, 9.6, DISTRICT_HOLY_SITE, 34.5, 131
86, LOC_CITY_NAME_VALENCIA, 10.0, UNIT_BUILDER, 38.5, 62
86, LOC_CITY_NAME_RA_KEDET, 12.5, BUILDING_TEMPLE, 48.3, 120
86, LOC_CITY_NAME_MEMPHIS, 6.2, UNIT_SETTLER, 45.6, 140
86, LOC_CITY_NAME_SHEDET, 7.5, DISTRICT_HOLY_SITE, 71.8, 136
86, LOC_CITY_NAME_MOHENJO_DARO, 4.8, BUILDING_GRANARY, 64.6, 65
86, LOC_CITY_NAME_MBANZA_KONGO, 21.4, UNIT_SETTLER, 21.4, 140
86, LOC_CITY_NAME_MBUMBI, 3.6, BUILDING_GRANARY, 33.6, 65
86, LOC_CITY_NAME_MPINDA, 1.2, UNIT_SCOUT, 3.6, 30
86, LOC_CITY_NAME_TENOCHTITLAN, 7.2, UNIT_AZTEC_EAGLE_WARRIOR, 56.8, 65
86, LOC_CITY_NAME_TEOTIHUACAN, 8.4, UNIT_SETTLER, 63.6, 110
86, LOC_CITY_NAME_HATTUSA, 7.5, BUILDING_WALLS, 82.1, 80
86, LOC_CITY_NAME_ZANZIBAR, 19.5, UNIT_ARCHER, 78.3, 60
86, LOC_CITY_NAME_JERUSALEM, 4.1, PROJECT_ENHANCE_DISTRICT_HOLY_SITE, 67.1, 84
86, LOC_CITY_NAME_VALLETTA, 13.5, UNIT_ARCHER, 58.6, 60
86, LOC_CITY_NAME_PRESLAV, 1.6, BUILDING_WALLS, 19.9, 80
86, LOC_CITY_NAME_LISBON, 5.4, BUILDING_WATER_MILL, 80.6, 80
86, LOC_CITY_NAME_CARTHAGE, 2.7, BUILDING_WATER_MILL, 30.3, 80
86, LOC_CITY_NAME_KABUL, 4.5, BUILDING_WATER_MILL, 11.5, 80
86, LOC_CITY_NAME_AMSTERDAM, 2.7, BUILDING_MARKET, 48.1, 120
86, LOC_CITY_NAME_PALENQUE, 4.1, BUILDING_LIBRARY, 19.2, 90
86, LOC_CITY_NAME_STOCKHOLM, 6.3, PROJECT_ENHANCE_DISTRICT_CAMPUS, 60.6, 84
86, LOC_CITY_NAME_ARMAGH, 6.8, PROJECT_ENHANCE_DISTRICT_HOLY_SITE, 99.8, 95
86, LOC_CITY_NAME_KANDY, 3.6, PROJECT_ENHANCE_DISTRICT_HOLY_SITE, 58.9, 91
86, LOC_CITY_NAME_KUMASI, 4.4, BUILDING_AMPHITHEATER, 27.0, 150
86, LOC_CITY_NAME_GRANADA, 9.4, UNIT_ARCHER, 52.0, 60
86, LOC_CITY_NAME_BRUSSELS, 13.5, UNIT_ARCHER, 45.0, 60
87, LOC_CITY_NAME_ROME, 14.7, UNIT_TRADER, 38.6, 62
87, LOC_CITY_NAME_ANTIUM, 8.8, BUILDING_STONEHENGE, 56.4, 180
87, LOC_CITY_NAME_XIAN, 13.8, UNIT_WARRIOR, 30.8, 40
87, LOC_CITY_NAME_BEIJING, 14.2, DISTRICT_HOLY_SITE, 14.2, 136
87, LOC_CITY_NAME_KYOTO, 36.0, DISTRICT_THEATER, 81.6, 146
87, LOC_CITY_NAME_FUKUOKA, 8.8, BUILDING_SHRINE, 35.7, 70
87, LOC_CITY_NAME_YOKOHAMA, 8.6, BUILDING_STONEHENGE, 34.5, 180
87, LOC_CITY_NAME_WASHINGTON, 22.5, BUILDING_AMPHITHEATER, 107.5, 150
87, LOC_CITY_NAME_PHILADELPHIA, 13.0, DISTRICT_THEATER, 72.2, 122
87, LOC_CITY_NAME_BOSTON, 1.3, UNIT_TRADER, 6.5, 59
87, LOC_CITY_NAME_MADRID, 12.5, UNIT_SETTLER, 87.6, 140
87, LOC_CITY_NAME_BARCELONA, 9.6, DISTRICT_HOLY_SITE, 44.1, 131
87, LOC_CITY_NAME_VALENCIA, 10.0, UNIT_BUILDER, 48.5, 62
87, LOC_CITY_NAME_RA_KEDET, 12.5, BUILDING_TEMPLE, 60.8, 120
87, LOC_CITY_NAME_MEMPHIS, 6.2, UNIT_SETTLER, 51.9, 140
87, LOC_CITY_NAME_SHEDET, 7.5, DISTRICT_HOLY_SITE, 79.3, 136
87, LOC_CITY_NAME_MOHENJO_DARO, 4.8, BUILDING_GRANARY, 69.4, 65
87, LOC_CITY_NAME_MBANZA_KONGO, 13.8, UNIT_SETTLER, 35.2, 140
87, LOC_CITY_NAME_MBUMBI, 4.6, BUILDING_GRANARY, 38.2, 65
87, LOC_CITY_NAME_MPINDA, 1.2, UNIT_SCOUT, 4.8, 30
87, LOC_CITY_NAME_TENOCHTITLAN, 9.6, UNIT_AZTEC_EAGLE_WARRIOR, 66.4, 65
87, LOC_CITY_NAME_TEOTIHUACAN, 6.0, UNIT_SETTLER, 69.6, 110
87, LOC_CITY_NAME_JAKARTA, 44.6, DISTRICT_COMMERCIAL_HUB, 44.6, 131
87, LOC_CITY_NAME_HATTUSA, 9.6, BUILDING_WATER_MILL, 9.6, 80
87, LOC_CITY_NAME_ZANZIBAR, 37.8, UNIT_ARCHER, 37.8, 60
87, LOC_CITY_NAME_JERUSALEM, 4.1, PROJECT_ENHANCE_DISTRICT_HOLY_SITE, 71.1, 84
87, LOC_CITY_NAME_VALLETTA, 14.9, UNIT_ARCHER, 73.5, 60
87, LOC_CITY_NAME_PRESLAV, 1.6, BUILDING_WALLS, 21.5, 80
87, LOC_CITY_NAME_LISBON, 6.5, UNIT_ARCHER, 6.5, 60
87, LOC_CITY_NAME_CARTHAGE, 2.7, BUILDING_WATER_MILL, 33.0, 80
87, LOC_CITY_NAME_KABUL, 4.5, BUILDING_WATER_MILL, 16.0, 80
87, LOC_CITY_NAME_AMSTERDAM, 2.7, BUILDING_MARKET, 50.8, 120
87, LOC_CITY_NAME_PALENQUE, 4.1, BUILDING_LIBRARY, 23.3, 90
87, LOC_CITY_NAME_STOCKHOLM, 6.3, PROJECT_ENHANCE_DISTRICT_CAMPUS, 66.9, 84
87, LOC_CITY_NAME_ARMAGH, 11.5, BUILDING_WALLS, 11.5, 80
87, LOC_CITY_NAME_KANDY, 3.6, PROJECT_ENHANCE_DISTRICT_HOLY_SITE, 62.5, 91
87, LOC_CITY_NAME_KUMASI, 5.0, BUILDING_AMPHITHEATER, 32.0, 150
87, LOC_CITY_NAME_GRANADA, 9.4, UNIT_ARCHER, 61.5, 60
87, LOC_CITY_NAME_BRUSSELS, 13.5, UNIT_ARCHER, 58.5, 60
88, LOC_CITY_NAME_ROME, 14.7, UNIT_TRADER, 53.3, 62
88, LOC_CITY_NAME_ANTIUM, 8.8, BUILDING_STONEHENGE, 65.2, 180
88, LOC_CITY_NAME_XIAN, 13.8, UNIT_WARRIOR, 44.6, 40
88, LOC_CITY_NAME_BEIJING, 8.8, DISTRICT_HOLY_SITE, 23.0, 136
88, LOC_CITY_NAME_KYOTO, 36.0, DISTRICT_THEATER, 117.6, 146
88, LOC_CITY_NAME_FUKUOKA, 8.8, BUILDING_SHRINE, 44.5, 70
88, LOC_CITY_NAME_YOKOHAMA, 8.6, BUILDING_STONEHENGE, 43.1, 180
88, LOC_CITY_NAME_WASHINGTON, 22.5, BUILDING_AMPHITHEATER, 130.0, 150
88, LOC_CITY_NAME_PHILADELPHIA, 13.0, DISTRICT_THEATER, 85.2, 122
88, LOC_CITY_NAME_BOSTON, 2.6, UNIT_TRADER, 9.1, 60
88, LOC_CITY_NAME_MADRID, 12.5, UNIT_SETTLER, 100.1, 140
88, LOC_CITY_NAME_BARCELONA, 9.6, DISTRICT_HOLY_SITE, 53.7, 131
88, LOC_CITY_NAME_VALENCIA, 10.0, UNIT_BUILDER, 58.5, 62
88, LOC_CITY_NAME_RA_KEDET, 12.5, BUILDING_TEMPLE, 73.3, 120
88, LOC_CITY_NAME_MEMPHIS, 6.2, UNIT_SETTLER, 58.1, 140
88, LOC_CITY_NAME_SHEDET, 7.5, DISTRICT_HOLY_SITE, 86.8, 136
88, LOC_CITY_NAME_MOHENJO_DARO, 4.8, UNIT_BUILDER, 4.8, 58
88, LOC_CITY_NAME_MBANZA_KONGO, 13.8, UNIT_SETTLER, 48.9, 140
88, LOC_CITY_NAME_MBUMBI, 4.6, BUILDING_GRANARY, 42.8, 65
88, LOC_CITY_NAME_MPINDA, 2.4, UNIT_SCOUT, 7.2, 30
88, LOC_CITY_NAME_TENOCHTITLAN, 8.9, BUILDING_SHRINE, 8.9, 70
88, LOC_CITY_NAME_TEOTIHUACAN, 8.8, UNIT_SETTLER, 78.4, 110
88, LOC_CITY_NAME_JAKARTA, 37.8, DISTRICT_COMMERCIAL_HUB, 82.4, 131
88, LOC_CITY_NAME_HATTUSA, 7.5, BUILDING_WATER_MILL, 17.1, 80
88, LOC_CITY_NAME_ZANZIBAR, 19.5, UNIT_ARCHER, 57.3, 60
88, LOC_CITY_NAME_JERUSALEM, 4.1, PROJECT_ENHANCE_DISTRICT_HOLY_SITE, 75.2, 91
88, LOC_CITY_NAME_VALLETTA, 18.5, BUILDING_WALLS, 18.5, 80
88, LOC_CITY_NAME_PRESLAV, 1.6, BUILDING_WALLS, 23.1, 80
88, LOC_CITY_NAME_LISBON, 6.8, UNIT_ARCHER, 13.2, 60
88, LOC_CITY_NAME_CARTHAGE, 2.7, BUILDING_WATER_MILL, 35.7, 80
88, LOC_CITY_NAME_KABUL, 4.5, BUILDING_WATER_MILL, 20.5, 80
88, LOC_CITY_NAME_AMSTERDAM, 2.7, BUILDING_MARKET, 53.5, 120
88, LOC_CITY_NAME_PALENQUE, 4.1, BUILDING_LIBRARY, 27.4, 90
88, LOC_CITY_NAME_STOCKHOLM, 6.3, PROJECT_ENHANCE_DISTRICT_CAMPUS, 73.2, 84
88, LOC_CITY_NAME_ARMAGH, 6.8, BUILDING_WALLS, 18.2, 80
88, LOC_CITY_NAME_KANDY, 3.6, PROJECT_ENHANCE_DISTRICT_HOLY_SITE, 66.1, 91
88, LOC_CITY_NAME_KUMASI, 4.4, BUILDING_AMPHITHEATER, 36.4, 150
88, LOC_CITY_NAME_GRANADA, 10.9, UNIT_ARCHER, 10.9, 60
88, LOC_CITY_NAME_BRUSSELS, 13.5, UNIT_ARCHER, 72.0, 60
89, LOC_CITY_NAME_ROME, 14.7, UNIT_TRADER, 68.0, 62
89, LOC_CITY_NAME_ANTIUM, 8.8, BUILDING_STONEHENGE, 74.0, 180
89, LOC_CITY_NAME_XIAN, 19.6, BUILDING_SHRINE, 19.6, 70
89, LOC_CITY_NAME_BEIJING, 7.5, DISTRICT_HOLY_SITE, 30.5, 136
89, LOC_CITY_NAME_KYOTO, 36.0, DISTRICT_THEATER, 153.6, 146
89, LOC_CITY_NAME_FUKUOKA, 8.8, BUILDING_SHRINE, 53.2, 70
89, LOC_CITY_NAME_YOKOHAMA, 8.6, BUILDING_STONEHENGE, 51.7, 180
89, LOC_CITY_NAME_WASHINGTON, 22.5, BUILDING_AMPHITHEATER, 152.5, 150
89, LOC_CITY_NAME_PHILADELPHIA, 13.0, DISTRICT_THEATER, 98.2, 122
89, LOC_CITY_NAME_BOSTON, 2.6, UNIT_TRADER, 11.7, 60
89, LOC_CITY_NAME_MADRID, 12.5, UNIT_SETTLER, 112.6, 140
89, LOC_CITY_NAME_BARCELONA, 9.6, DISTRICT_HOLY_SITE, 63.3, 131
89, LOC_CITY_NAME_VALENCIA, 10.0, UNIT_BUILDER, 68.5, 62
89, LOC_CITY_NAME_RA_KEDET, 12.5, BUILDING_TEMPLE, 85.8, 120
89, LOC_CITY_NAME_MEMPHIS, 6.2, UNIT_SETTLER, 64.4, 140
89, LOC_CITY_NAME_SHEDET, 7.5, DISTRICT_HOLY_SITE, 94.3, 136
89, LOC_CITY_NAME_MOHENJO_DARO, 4.8, UNIT_BUILDER, 9.6, 58
89, LOC_CITY_NAME_MBANZA_KONGO, 13.8, UNIT_SETTLER, 62.7, 140
89, LOC_CITY_NAME_MBUMBI, 4.6, BUILDING_GRANARY, 47.4, 65
89, LOC_CITY_NAME_MPINDA, 2.4, UNIT_SCOUT, 9.6, 30
89, LOC_CITY_NAME_TENOCHTITLAN, 10.0, BUILDING_SHRINE, 18.9, 70
89, LOC_CITY_NAME_TEOTIHUACAN, 2.5, UNIT_SETTLER, 80.9, 110
89, LOC_CITY_NAME_JAKARTA, 37.8, DISTRICT_COMMERCIAL_HUB, 120.2, 131
89, LOC_CITY_NAME_HATTUSA, 7.5, BUILDING_WATER_MILL, 24.6, 80
89, LOC_CITY_NAME_ZANZIBAR, 19.5, UNIT_ARCHER, 76.8, 60
89, LOC_CITY_NAME_JERUSALEM, 4.1, PROJECT_ENHANCE_DISTRICT_HOLY_SITE, 79.2, 91
89, LOC_CITY_NAME_VALLETTA, 5.0, BUILDING_WALLS, 23.4, 80
89, LOC_CITY_NAME_PRESLAV, 1.6, BUILDING_WALLS, 24.7, 80
89, LOC_CITY_NAME_LISBON, 6.8, UNIT_ARCHER, 20.0, 60
89, LOC_CITY_NAME_CARTHAGE, 2.7, BUILDING_WATER_MILL, 38.4, 80
89, LOC_CITY_NAME_KABUL, 4.5, BUILDING_WATER_MILL, 25.0, 80
89, LOC_CITY_NAME_AMSTERDAM, 2.7, BUILDING_MARKET, 56.2, 120
89, LOC_CITY_NAME_PALENQUE, 4.1, BUILDING_LIBRARY, 31.4, 90
89, LOC_CITY_NAME_STOCKHOLM, 6.3, PROJECT_ENHANCE_DISTRICT_CAMPUS, 79.5, 84
89, LOC_CITY_NAME_ARMAGH, 6.8, BUILDING_WALLS, 25.0, 80
89, LOC_CITY_NAME_KANDY, 3.6, PROJECT_ENHANCE_DISTRICT_HOLY_SITE, 69.7, 91
89, LOC_CITY_NAME_KUMASI, 5.0, BUILDING_AMPHITHEATER, 41.4, 150
89, LOC_CITY_NAME_GRANADA, 9.4, UNIT_ARCHER, 20.4, 60
89, LOC_CITY_NAME_BRUSSELS, 16.5, BUILDING_WALLS, 16.5, 80
90, LOC_CITY_NAME_ROME, 20.7, BUILDING_BARRACKS, 20.7, 90
90, LOC_CITY_NAME_ANTIUM, 8.8, BUILDING_STONEHENGE, 82.8, 180
90, LOC_CITY_NAME_XIAN, 17.5, BUILDING_SHRINE, 37.1, 70
90, LOC_CITY_NAME_BEIJING, 8.8, DISTRICT_HOLY_SITE, 39.2, 136
90, LOC_CITY_NAME_KYOTO, 32.8, UNIT_ARCHER, 32.8, 60
90, LOC_CITY_NAME_FUKUOKA, 8.8, BUILDING_SHRINE, 62.0, 70
90, LOC_CITY_NAME_YOKOHAMA, 8.6, BUILDING_STONEHENGE, 60.2, 180
90, LOC_CITY_NAME_WASHINGTON, 25.0, UNIT_SETTLER, 25.0, 140
90, LOC_CITY_NAME_PHILADELPHIA, 13.0, DISTRICT_THEATER, 111.2, 122
90, LOC_CITY_NAME_BOSTON, 2.6, UNIT_TRADER, 14.3, 62
90, LOC_CITY_NAME_MADRID, 13.2, UNIT_SETTLER, 125.8, 140
90, LOC_CITY_NAME_BARCELONA, 9.6, DISTRICT_HOLY_SITE, 72.9, 131
90, LOC_CITY_NAME_VALENCIA, 17.8, DISTRICT_HOLY_SITE, 17.8, 131
90, LOC_CITY_NAME_RA_KEDET, 12.5, BUILDING_TEMPLE, 98.3, 120
90, LOC_CITY_NAME_MEMPHIS, 6.2, UNIT_SETTLER, 70.6, 140
90, LOC_CITY_NAME_SHEDET, 7.5, DISTRICT_HOLY_SITE, 101.8, 136
90, LOC_CITY_NAME_MOHENJO_DARO, 4.8, UNIT_BUILDER, 14.4, 58
90, LOC_CITY_NAME_MBANZA_KONGO, 13.8, UNIT_SETTLER, 76.4, 140
90, LOC_CITY_NAME_MBUMBI, 4.6, BUILDING_GRANARY, 52.0, 65
90, LOC_CITY_NAME_MPINDA, 2.4, UNIT_SCOUT, 12.0, 30
90, LOC_CITY_NAME_TENOCHTITLAN, 7.5, BUILDING_SHRINE, 26.4, 70
90, LOC_CITY_NAME_TEOTIHUACAN, 8.8, UNIT_SETTLER, 89.6, 110
90, LOC_CITY_NAME_JAKARTA, 37.8, DISTRICT_COMMERCIAL_HUB, 158.0, 131
90, LOC_CITY_NAME_HATTUSA, 7.5, BUILDING_WATER_MILL, 32.1, 80
90, LOC_CITY_NAME_ZANZIBAR, 36.3, UNIT_ARCHER, 36.3, 60
90, LOC_CITY_NAME_JERUSALEM, 4.5, PROJECT_ENHANCE_DISTRICT_HOLY_SITE, 83.7, 91
90, LOC_CITY_NAME_VALLETTA, 5.0, BUILDING_WALLS, 28.4, 80
90, LOC_CITY_NAME_PRESLAV, 1.6, BUILDING_WALLS, 26.3, 80
90, LOC_CITY_NAME_LISBON, 6.8, UNIT_ARCHER, 26.7, 60
90, LOC_CITY_NAME_CARTHAGE, 2.7, BUILDING_WATER_MILL, 41.1, 80
90, LOC_CITY_NAME_KABUL, 4.5, BUILDING_WATER_MILL, 29.5, 80
90, LOC_CITY_NAME_AMSTERDAM, 2.7, BUILDING_MARKET, 58.9, 120
90, LOC_CITY_NAME_PALENQUE, 4.1, BUILDING_LIBRARY, 35.5, 90
90, LOC_CITY_NAME_STOCKHOLM, 6.3, PROJECT_ENHANCE_DISTRICT_CAMPUS, 85.8, 84
90, LOC_CITY_NAME_ARMAGH, 6.8, BUILDING_WALLS, 31.8, 80
90, LOC_CITY_NAME_KANDY, 3.6, PROJECT_ENHANCE_DISTRICT_HOLY_SITE, 73.3, 91
90, LOC_CITY_NAME_KUMASI, 4.4, BUILDING_AMPHITHEATER, 45.8, 150
90, LOC_CITY_NAME_GRANADA, 9.4, UNIT_ARCHER, 29.8, 60
90, LOC_CITY_NAME_BRUSSELS, 4.5, BUILDING_WALLS, 21.0, 80
91, LOC_CITY_NAME_ROME, 14.7, BUILDING_BARRACKS, 35.4, 90
91, LOC_CITY_NAME_ANTIUM, 8.8, BUILDING_STONEHENGE, 91.6, 180
91, LOC_CITY_NAME_XIAN, 17.5, BUILDING_SHRINE, 54.6, 70
91, LOC_CITY_NAME_BEIJING, 8.8, DISTRICT_HOLY_SITE, 48.0, 136
91, LOC_CITY_NAME_KYOTO, 26.4, UNIT_ARCHER, 59.2, 60
91, LOC_CITY_NAME_FUKUOKA, 10.0, BUILDING_SHRINE, 72.0, 70
91, LOC_CITY_NAME_YOKOHAMA, 8.7, BUILDING_STONEHENGE, 68.9, 180
91, LOC_CITY_NAME_WASHINGTON, 22.5, UNIT_SETTLER, 47.5, 140
91, LOC_CITY_NAME_PHILADELPHIA, 13.0, DISTRICT_THEATER, 124.2, 122
91, LOC_CITY_NAME_BOSTON, 2.6, UNIT_TRADER, 16.9, 62
91, LOC_CITY_NAME_MADRID, 13.2, UNIT_SETTLER, 139.0, 140
91, LOC_CITY_NAME_BARCELONA, 9.6, DISTRICT_HOLY_SITE, 82.5, 131
91, LOC_CITY_NAME_VALENCIA, 12.5, DISTRICT_HOLY_SITE, 30.2, 131
91, LOC_CITY_NAME_RA_KEDET, 12.5, BUILDING_TEMPLE, 110.8, 120
91, LOC_CITY_NAME_MEMPHIS, 6.2, UNIT_SETTLER, 76.9, 140
91, LOC_CITY_NAME_SHEDET, 7.5, DISTRICT_HOLY_SITE, 109.3, 136
91, LOC_CITY_NAME_MOHENJO_DARO, 4.8, UNIT_BUILDER, 19.2, 58
91, LOC_CITY_NAME_MBANZA_KONGO, 20.6, UNIT_SETTLER, 97.1, 140
91, LOC_CITY_NAME_MBUMBI, 4.6, BUILDING_GRANARY, 56.6, 65
91, LOC_CITY_NAME_MPINDA, 2.4, UNIT_SCOUT, 14.4, 30
91, LOC_CITY_NAME_TENOCHTITLAN, 10.0, BUILDING_SHRINE, 36.4, 70
91, LOC_CITY_NAME_TEOTIHUACAN, 2.5, UNIT_SETTLER, 92.1, 110
91, LOC_CITY_NAME_JAKARTA, 34.0, BUILDING_MARKET, 34.0, 120
91, LOC_CITY_NAME_HATTUSA, 7.5, BUILDING_WATER_MILL, 39.6, 80
91, LOC_CITY_NAME_ZANZIBAR, 19.5, UNIT_ARCHER, 55.8, 60
91, LOC_CITY_NAME_JERUSALEM, 4.5, PROJECT_ENHANCE_DISTRICT_HOLY_SITE, 88.2, 91
91, LOC_CITY_NAME_VALLETTA, 5.0, BUILDING_WALLS, 33.3, 80
91, LOC_CITY_NAME_PRESLAV, 1.6, BUILDING_WALLS, 27.9, 80
91, LOC_CITY_NAME_LISBON, 6.8, UNIT_ARCHER, 33.5, 60
91, LOC_CITY_NAME_CARTHAGE, 2.7, BUILDING_WATER_MILL, 43.8, 80
91, LOC_CITY_NAME_KABUL, 4.5, BUILDING_WATER_MILL, 34.0, 80
91, LOC_CITY_NAME_AMSTERDAM, 2.7, BUILDING_MARKET, 61.6, 120
91, LOC_CITY_NAME_PALENQUE, 4.1, BUILDING_LIBRARY, 39.5, 90
91, LOC_CITY_NAME_STOCKHOLM, 8.1, BUILDING_WALLS, 8.1, 80
91, LOC_CITY_NAME_ARMAGH, 6.8, BUILDING_WALLS, 38.5, 80
91, LOC_CITY_NAME_KANDY, 3.6, PROJECT_ENHANCE_DISTRICT_HOLY_SITE, 76.9, 91
91, LOC_CITY_NAME_KUMASI, 5.0, BUILDING_AMPHITHEATER, 50.8, 150
91, LOC_CITY_NAME_GRANADA, 9.4, UNIT_ARCHER, 39.3, 60
91, LOC_CITY_NAME_BRUSSELS, 4.5, BUILDING_WALLS, 25.5, 80
92, LOC_CITY_NAME_ROME, 14.7, BUILDING_BARRACKS, 50.1, 90
92, LOC_CITY_NAME_ANTIUM, 8.8, BUILDING_STONEHENGE, 100.4, 180