Game Turn, Player, Score, CATEGORY_CIVICS, CATEGORY_EMPIRE, CATEGORY_GREAT_PEOPLE, CATEGORY_RELIGION, CATEGORY_TECH, CATEGORY_WONDER, CATEGORY_TRADE, CATEGORY_PILLAGE, CATEGORY_INCOME, CATEGORY_SCENARIO1, CATEGORY_SCENARIO2, CATEGORY_SCENARIO3
60, 1, 48, 8, 24, 0, 0, 16, 0, 0, 0, 0, 0, 0, 0
60, 2, 61, 10, 28, 0, 0, 18, 5, 0, 0, 0, 0, 0, 0
60, 3, 45, 10, 19, 0, 0, 16, 0, 0, 0, 0, 0, 0, 0
60, 4, 40, 8, 18, 0, 0, 14, 0, 0, 0, 0, 0, 0, 0
60, 5, 51, 14, 25, 0, 0, 12, 0, 0, 0, 0, 0, 0, 0
60, 6, 42, 10, 18, 0, 0, 14, 0, 0, 0, 0, 0, 0, 0
60, 7, 39, 6, 17, 0, 0, 16, 0, 0, 0, 0, 0, 0, 0
60, 8, 33, 10, 9, 0, 0, 14, 0, 0, 0, 0, 0, 0, 0
60, 9, 34, 10, 12, 0, 0, 12, 0, 0, 0, 0, 0, 0, 0
60, 10, 37, 10, 11, 0, 0, 16, 0, 0, 0, 0, 0, 0, 0
60, 11, 36, 10, 10, 0, 0, 16, 0, 0, 0, 0, 0, 0, 0
60, 12, 41, 10, 11, 0, 0, 20, 0, 0, 0, 0, 0, 0, 0
60, 13, 38, 8, 12, 0, 0, 18, 0, 0, 0, 0, 0, 0, 0
60, 14, 33, 10, 9, 0, 0, 14, 0, 0, 0, 0, 0, 0, 0
60, 15, 35, 8, 11, 0, 0, 16, 0, 0, 0, 0, 0, 0, 0
60, 16, 35, 10, 9, 0, 0, 16, 0, 0, 0, 0, 0, 0, 0
60, 17, 40, 12, 12, 0, 0, 16, 0, 0, 0, 0, 0, 0, 0
60, 18, 34, 10, 12, 0, 0, 12, 0, 0, 0, 0, 0, 0, 0
60, 19, 42, 10, 14, 0, 0, 18, 0, 0, 0, 0, 0, 0, 0
60, 20, 40, 10, 14, 0, 0, 16, 0, 0, 0, 0, 0, 0, 0
60, 21, 33, 10, 11, 0, 0, 12, 0, 0, 0, 0, 0, 0, 0
60, 22, 37, 10, 11, 0, 0, 16, 0, 0, 0, 0, 0, 0, 0
60, 23, 31, 10, 7, 0, 0, 14, 0, 0, 0, 0, 0, 0, 0
60, 24, 38, 10, 10, 0, 0, 18, 0, 0, 0, 0, 0, 0, 0
60, 25, 34, 12, 10, 0, 0, 12, 0, 0, 0, 0, 0, 0, 0
60, 63, 30, 10, 0, 0, 0, 20, 0, 0, 0, 0, 0, 0, 0
61, 0, 45, 14, 15, 0, 0, 16, 0, 0, 0, 0, 0, 0, 0
61, 1, 48, 8, 24, 0, 0, 16, 0, 0, 0, 0, 0, 0, 0
61, 2, 65, 10, 32, 0, 0, 18, 5, 0, 0, 0, 0, 0, 0
61, 3, 45, 10, 19, 0, 0, 16, 0, 0, 0, 0, 0, 0, 0
61, 4, 40, 8, 18, 0, 0, 14, 0, 0, 0, 0, 0, 0, 0
61, 5, 53, 16, 25, 0, 0, 12, 0, 0, 0, 0, 0, 0, 0
61, 6, 46, 12, 18, 0, 0, 16, 0, 0, 0, 0, 0, 0, 0
61, 7, 39, 6, 17, 0, 0, 16, 0, 0, 0, 0, 0, 0, 0
61, 8, 33, 10, 9, 0, 0, 14, 0, 0, 0, 0, 0, 0, 0
61, 9, 36, 10, 12, 0, 0, 14, 0, 0, 0, 0, 0, 0, 0
61, 10, 37, 10, 11, 0, 0, 16, 0, 0, 0, 0, 0, 0, 0
61, 11, 36, 10, 10, 0, 0, 16, 0, 0, 0, 0, 0, 0, 0
61, 12, 41, 10, 11, 0, 0, 20, 0, 0, 0, 0, 0, 0, 0
61, 13, 38, 8, 12, 0, 0, 18, 0, 0, 0, 0, 0, 0, 0
61, 14, 33, 10, 9, 0, 0, 14, 0, 0, 0, 0, 0, 0, 0
61, 15, 35, 8, 11, 0, 0, 16, 0, 0, 0, 0, 0, 0, 0
61, 16, 35, 10, 9, 0, 0, 16, 0, 0, 0, 0, 0, 0, 0
61, 17, 40, 12, 12, 0, 0, 16, 0, 0, 0, 0, 0, 0, 0
61, 18, 36, 10, 12, 0, 0, 14, 0, 0, 0, 0, 0, 0, 0
61, 19, 44, 10, 14, 0, 0, 20, 0, 0, 0, 0, 0, 0, 0
61, 20, 40, 10, 14, 0, 0, 16, 0, 0, 0, 0, 0, 0, 0
61, 21, 33, 10, 11, 0, 0, 12, 0, 0, 0, 0, 0, 0, 0
61, 22, 37, 10, 11, 0, 0, 16, 0, 0, 0, 0, 0, 0, 0
61, 23, 31, 10, 7, 0, 0, 14, 0, 0, 0, 0, 0, 0, 0
61, 24, 38, 10, 10, 0, 0, 18, 0, 0, 0, 0, 0, 0, 0
61, 25, 34, 12, 10, 0, 0, 12, 0, 0, 0, 0, 0, 0, 0
61, 63, 30, 10, 0, 0, 0, 20, 0, 0, 0, 0, 0, 0, 0
62, 0, 45, 14, 15, 0, 0, 16, 0, 0, 0, 0, 0, 0, 0
62, 1, 50, 10, 24, 0, 0, 16, 0, 0, 0, 0, 0, 0, 0
62, 2, 67, 10, 32, 0, 0, 20, 5, 0, 0, 0, 0, 0, 0
62, 3, 45, 10, 19, 0, 0, 16, 0, 0, 0, 0, 0, 0, 0
62, 4, 40, 8, 18, 0, 0, 14, 0, 0, 0, 0, 0, 0, 0
62, 5, 55, 16, 25, 0, 0, 14, 0, 0, 0, 0, 0, 0, 0
62, 6, 46, 12, 18, 0, 0, 16, 0, 0, 0, 0, 0, 0, 0
62, 7, 39, 6, 17, 0, 0, 16, 0, 0, 0, 0, 0, 0, 0
62, 8, 33, 10, 9, 0, 0, 14, 0, 0, 0, 0, 0, 0, 0
62, 9, 36, 10, 12, 0, 0, 14, 0, 0, 0, 0, 0, 0, 0
62, 10, 37, 10, 11, 0, 0, 16, 0, 0, 0, 0, 0, 0, 0
62, 11, 36, 10, 10, 0, 0, 16, 0, 0, 0, 0, 0, 0, 0
62, 12, 41, 10, 11, 0, 0, 20, 0, 0, 0, 0, 0, 0, 0
62, 13, 38, 8, 12, 0, 0, 18, 0, 0, 0, 0, 0, 0, 0
62, 14, 33, 10, 9, 0, 0, 14, 0, 0, 0, 0, 0, 0, 0
62, 15, 35, 8, 11, 0, 0, 16, 0, 0, 0, 0, 0, 0, 0
62, 16, 35, 10, 9, 0, 0, 16, 0, 0, 0, 0, 0, 0, 0
62, 17, 40, 12, 12, 0, 0, 16, 0, 0, 0, 0, 0, 0, 0
62, 18, 36, 10, 12, 0, 0, 14, 0, 0, 0, 0, 0, 0, 0
62, 19, 45, 10, 15, 0, 0, 20, 0, 0, 0, 0, 0, 0, 0
62, 20, 40, 10, 14, 0, 0, 16, 0, 0, 0, 0, 0, 0, 0
62, 21, 33, 10, 11, 0, 0, 12, 0, 0, 0, 0, 0, 0, 0
62, 22, 37, 10, 11, 0, 0, 16, 0, 0, 0, 0, 0, 0, 0
62, 23, 33, 10, 7, 0, 0, 16, 0, 0, 0, 0, 0, 0, 0
62, 24, 38, 10, 10, 0, 0, 18, 0, 0, 0, 0, 0, 0, 0
62, 25, 36, 12, 10, 0, 0, 14, 0, 0, 0, 0, 0, 0, 0
62, 63, 30, 10, 0, 0, 0, 20, 0, 0, 0, 0, 0, 0, 0
63, 0, 45, 14, 15, 0, 0, 16, 0, 0, 0, 0, 0, 0, 0
63, 1, 52, 10, 24, 0, 0, 18, 0, 0, 0, 0, 0, 0, 0
63, 2, 67, 10, 32, 0, 0, 20, 5, 0, 0, 0, 0, 0, 0
63, 3, 49, 12, 19, 0, 0, 18, 0, 0, 0, 0, 0, 0, 0
63, 4, 40, 8, 18, 0, 0, 14, 0, 0, 0, 0, 0, 0, 0
63, 5, 56, 16, 26, 0, 0, 14, 0, 0, 0, 0, 0, 0, 0
63, 6, 46, 12, 18, 0, 0, 16, 0, 0, 0, 0, 0, 0, 0
63, 7, 39, 6, 17, 0, 0, 16, 0, 0, 0, 0, 0, 0, 0
63, 8, 33, 10, 9, 0, 0, 14, 0, 0, 0, 0, 0, 0, 0
63, 9, 36, 10, 12, 0, 0, 14, 0, 0, 0, 0, 0, 0, 0
63, 10, 37, 10, 11, 0, 0, 16, 0, 0, 0, 0, 0, 0, 0
63, 11, 36, 10, 10, 0, 0, 16, 0, 0, 0, 0, 0, 0, 0
63, 12, 41, 10, 11, 0, 0, 20, 0, 0, 0, 0, 0, 0, 0
63, 13, 38, 8, 12, 0, 0, 18, 0, 0, 0, 0, 0, 0, 0
63, 14, 33, 10, 9, 0, 0, 14, 0, 0, 0, 0, 0, 0, 0
63, 15, 35, 8, 11, 0, 0, 16, 0, 0, 0, 0, 0, 0, 0
63, 16, 35, 10, 9, 0, 0, 16, 0, 0, 0, 0, 0, 0, 0
63, 17, 40, 12, 12, 0, 0, 16, 0, 0, 0, 0, 0, 0, 0
63, 18, 39, 10, 15, 0, 0, 14, 0, 0, 0, 0, 0, 0, 0
63, 19, 45, 10, 15, 0, 0, 20, 0, 0, 0, 0, 0, 0, 0
63, 20, 40, 10, 14, 0, 0, 16, 0, 0, 0, 0, 0, 0, 0
63, 21, 34, 10, 12, 0, 0, 12, 0, 0, 0, 0, 0, 0, 0
63, 22, 37, 10, 11, 0, 0, 16, 0, 0, 0, 0, 0, 0, 0
63, 23, 35, 10, 7, 0, 0, 18, 0, 0, 0, 0, 0, 0, 0
63, 24, 38, 10, 10, 0, 0, 18, 0, 0, 0, 0, 0, 0, 0
63, 25, 38, 12, 10, 0, 0, 16, 0, 0, 0, 0, 0, 0, 0
63, 63, 30, 10, 0, 0, 0, 20, 0, 0, 0, 0, 0, 0, 0
64, 0, 44, 14, 14, 0, 0, 16, 0, 0, 0, 0, 0, 0, 0
64, 1, 52, 10, 24, 0, 0, 18, 0, 0, 0, 0, 0, 0, 0
64, 2, 70, 12, 33, 0, 0, 20, 5, 0, 0, 0, 0, 0, 0
64, 3, 49, 12, 19, 0, 0, 18, 0, 0, 0, 0, 0, 0, 0
64, 4, 42, 8, 18, 0, 0, 16, 0, 0, 0, 0, 0, 0, 0
64, 5, 56, 16, 26, 0, 0, 14, 0, 0, 0, 0, 0, 0, 0
64, 6, 46, 12, 18, 0, 0, 16, 0, 0, 0, 0, 0, 0, 0
64, 7, 39, 6, 17, 0, 0, 16, 0, 0, 0, 0, 0, 0, 0
64, 8, 34, 10, 10, 0, 0, 14, 0, 0, 0, 0, 0, 0, 0
64, 9, 36, 10, 12, 0, 0, 14, 0, 0, 0, 0, 0, 0, 0
64, 10, 37, 10, 11, 0, 0, 16, 0, 0, 0, 0, 0, 0, 0
64, 11, 36, 10, 10, 0, 0, 16, 0, 0, 0, 0, 0, 0, 0
64, 12, 41, 10, 11, 0, 0, 20, 0, 0, 0, 0, 0, 0, 0
64, 13, 38, 8, 12, 0, 0, 18, 0, 0, 0, 0, 0, 0, 0
64, 14, 33, 10, 9, 0, 0, 14, 0, 0, 0, 0, 0, 0, 0
64, 15, 35, 8, 11, 0, 0, 16, 0, 0, 0, 0, 0, 0, 0
64, 16, 35, 10, 9, 0, 0, 16, 0, 0, 0, 0, 0, 0, 0
64, 17, 40, 12, 12, 0, 0, 16, 0, 0, 0, 0, 0, 0, 0
64, 18, 39, 10, 15, 0, 0, 14, 0, 0, 0, 0, 0, 0, 0
64, 19, 45, 10, 15, 0, 0, 20, 0, 0, 0, 0, 0, 0, 0
64, 20, 40, 10, 14, 0, 0, 16, 0, 0, 0, 0, 0, 0, 0
64, 21, 34, 10, 12, 0, 0, 12, 0, 0, 0, 0, 0, 0, 0
64, 22, 37, 10, 11, 0, 0, 16, 0, 0, 0, 0, 0, 0, 0
64, 23, 35, 10, 7, 0, 0, 18, 0, 0, 0, 0, 0, 0, 0
64, 24, 38, 10, 10, 0, 0, 18, 0, 0, 0, 0, 0, 0, 0
64, 25, 38, 12, 10, 0, 0, 16, 0, 0, 0, 0, 0, 0, 0
64, 63, 30, 10, 0, 0, 0, 20, 0, 0, 0, 0, 0, 0, 0
65, 0, 47, 14, 17, 0, 0, 16, 0, 0, 0, 0, 0, 0, 0
65, 1, 52, 10, 24, 0, 0, 18, 0, 0, 0, 0, 0, 0, 0
65, 2, 70, 12, 33, 0, 0, 20, 5, 0, 0, 0, 0, 0, 0
65, 3, 49, 12, 19, 0, 0, 18, 0, 0, 0, 0, 0, 0, 0
65, 4, 42, 8, 18, 0, 0, 16, 0, 0, 0, 0, 0, 0, 0
65, 5, 56, 16, 26, 0, 0, 14, 0, 0, 0, 0, 0, 0, 0
65, 6, 46, 12, 18, 0, 0, 16, 0, 0, 0, 0, 0, 0, 0
65, 7, 39, 6, 17, 0, 0, 16, 0, 0, 0, 0, 0, 0, 0
65, 8, 34, 10, 10, 0, 0, 14, 0, 0, 0, 0, 0, 0, 0
65, 9, 36, 10, 12, 0, 0, 14, 0, 0, 0, 0, 0, 0, 0
65, 10, 37, 10, 11, 0, 0, 16, 0, 0, 0, 0, 0, 0, 0
65, 11, 36, 10, 10, 0, 0, 16, 0, 0, 0, 0, 0, 0, 0
65, 12, 43, 12, 11, 0, 0, 20, 0, 0, 0, 0, 0, 0, 0
65, 13, 40, 8, 12, 0, 0, 20, 0, 0, 0, 0, 0, 0, 0
65, 14, 33, 10, 9, 0, 0, 14, 0, 0, 0, 0, 0, 0, 0
65, 15, 35, 8, 11, 0, 0, 16, 0, 0, 0, 0, 0, 0, 0
65, 16, 35, 10, 9, 0, 0, 16, 0, 0, 0, 0, 0, 0, 0
65, 17, 40, 12, 12, 0, 0, 16, 0, 0, 0, 0, 0, 0, 0
65, 18, 39, 10, 15, 0, 0, 14, 0, 0, 0, 0, 0, 0, 0
65, 19, 47, 12, 15, 0, 0, 20, 0, 0, 0, 0, 0, 0, 0
65, 20, 40, 10, 14, 0, 0, 16, 0, 0, 0, 0, 0, 0, 0
65, 21, 34, 10, 12, 0, 0, 12, 0, 0, 0, 0, 0, 0, 0
65, 22, 37, 10, 11, 0, 0, 16, 0, 0, 0, 0, 0, 0, 0
65, 23, 35, 10, 7, 0, 0, 18, 0, 0, 0, 0, 0, 0, 0
65, 24, 38, 10, 10, 0, 0, 18, 0, 0, 0, 0, 0, 0, 0
65, 25, 38, 12, 10, 0, 0, 16, 0, 0, 0, 0, 0, 0, 0
65, 63, 30, 10, 0, 0, 0, 20, 0, 0, 0, 0, 0, 0, 0
66, 0, 47, 14, 17, 0, 0, 16, 0, 0, 0, 0, 0, 0, 0
66, 1, 52, 10, 24, 0, 0, 18, 0, 0, 0, 0, 0, 0, 0
66, 2, 72, 12, 33, 0, 0, 22, 5, 0, 0, 0, 0, 0, 0
66, 3, 50, 12, 20, 0, 0, 18, 0, 0, 0, 0, 0, 0, 0
66, 4, 42, 8, 18, 0, 0, 16, 0, 0, 0, 0, 0, 0, 0
66, 5, 56, 16, 26, 0, 0, 14, 0, 0, 0, 0, 0, 0, 0
66, 6, 46, 12, 18, 0, 0, 16, 0, 0, 0, 0, 0, 0, 0
66, 7, 39, 6, 17, 0, 0, 16, 0, 0, 0, 0, 0, 0, 0
66, 8, 34, 10, 10, 0, 0, 14, 0, 0, 0, 0, 0, 0, 0
66, 9, 36, 10, 12, 0, 0, 14, 0, 0, 0, 0, 0, 0, 0
66, 10, 37, 10, 11, 0, 0, 16, 0, 0, 0, 0, 0, 0, 0
66, 11, 39, 10, 13, 0, 0, 16, 0, 0, 0, 0, 0, 0, 0
66, 12, 43, 12, 11, 0, 0, 20, 0, 0, 0, 0, 0, 0, 0
66, 13, 41, 8, 13, 0, 0, 20, 0, 0, 0, 0, 0, 0, 0
66, 14, 34, 10, 10, 0, 0, 14, 0, 0, 0, 0, 0, 0, 0
66, 15, 35, 8, 11, 0, 0, 16, 0, 0, 0, 0, 0, 0, 0
66, 16, 35, 10, 9, 0, 0, 16, 0, 0, 0, 0, 0, 0, 0
66, 17, 40, 12, 12, 0, 0, 16, 0, 0, 0, 0, 0, 0, 0
66, 18, 39, 10, 15, 0, 0, 14, 0, 0, 0, 0, 0, 0, 0
66, 19, 47, 12, 15, 0, 0, 20, 0, 0, 0, 0, 0, 0, 0
66, 20, 40, 10, 14, 0, 0, 16, 0, 0, 0, 0, 0, 0, 0
66, 21, 34, 10, 12, 0, 0, 12, 0, 0, 0, 0, 0, 0, 0
66, 22, 38, 10, 12, 0, 0, 16, 0, 0, 0, 0, 0, 0, 0
66, 23, 35, 10, 7, 0, 0, 18, 0, 0, 0, 0, 0, 0, 0
66, 24, 38, 10, 10, 0, 0, 18, 0, 0, 0, 0, 0, 0, 0
66, 25, 38, 12, 10, 0, 0, 16, 0, 0, 0, 0, 0, 0, 0
66, 63, 30, 10, 0, 0, 0, 20, 0, 0, 0, 0, 0, 0, 0
67, 0, 47, 14, 17, 0, 0, 16, 0, 0, 0, 0, 0, 0, 0
67, 1, 53, 10, 25, 0, 0, 18, 0, 0, 0, 0, 0, 0, 0
67, 2, 72, 12, 33, 0, 0, 22, 5, 0, 0, 0, 0, 0, 0
67, 3, 54, 12, 24, 0, 0, 18, 0, 0, 0, 0, 0, 0, 0
67, 4, 43, 8, 19, 0, 0, 16, 0, 0, 0, 0, 0, 0, 0
67, 5, 56, 16, 26, 0, 0, 14, 0, 0, 0, 0, 0, 0, 0
67, 6, 46, 12, 18, 0, 0, 16, 0, 0, 0, 0, 0, 0, 0
67, 7, 39, 6, 17, 0, 0, 16, 0, 0, 0, 0, 0, 0, 0
67, 8, 36, 10, 10, 0, 0, 16, 0, 0, 0, 0, 0, 0, 0
67, 9, 36, 10, 12, 0, 0, 14, 0, 0, 0, 0, 0, 0, 0
67, 10, 38, 10, 12, 0, 0, 16, 0, 0, 0, 0, 0, 0, 0
67, 11, 39, 10, 13, 0, 0, 16, 0, 0, 0, 0, 0, 0, 0
67, 12, 43, 12, 11, 0, 0, 20, 0, 0, 0, 0, 0, 0, 0
67, 13, 41, 8, 13, 0, 0, 20, 0, 0, 0, 0, 0, 0, 0
67, 14, 34, 10, 10, 0, 0, 14, 0, 0, 0, 0, 0, 0, 0
67, 15, 35, 8, 11, 0, 0, 16, 0, 0, 0, 0, 0, 0, 0
67, 16, 35, 10, 9, 0, 0, 16, 0, 0, 0, 0, 0, 0, 0
67, 17, 40, 12, 12, 0, 0, 16, 0, 0, 0, 0, 0, 0, 0
67, 18, 39, 10, 15, 0, 0, 14, 0, 0, 0, 0, 0, 0, 0
67, 19, 47, 12, 15, 0, 0, 20, 0, 0, 0, 0, 0, 0, 0
67, 20, 40, 10, 14, 0, 0, 16, 0, 0, 0, 0, 0, 0, 0
67, 21, 34, 10, 12, 0, 0, 12, 0, 0, 0, 0, 0, 0, 0
67, 22, 38, 10, 12, 0, 0, 16, 0, 0, 0, 0, 0, 0, 0
67, 23, 37, 12, 7, 0, 0, 18, 0, 0, 0, 0, 0, 0, 0
67, 24, 38, 10, 10, 0, 0, 18, 0, 0, 0, 0, 0, 0, 0
67, 25, 38, 12, 10, 0, 0, 16, 0, 0, 0, 0, 0, 0, 0
67, 63, 30, 10, 0, 0, 0, 20, 0, 0, 0, 0, 0, 0, 0
68, 0, 50, 14, 18, 0, 0, 18, 0, 0, 0, 0, 0, 0, 0
68, 1, 53, 10, 25, 0, 0, 18, 0, 0, 0, 0, 0, 0, 0
68, 2, 72, 12, 33, 0, 0, 22, 5, 0, 0, 0, 0, 0, 0
68, 3, 54, 12, 24, 0, 0, 18, 0, 0, 0, 0, 0, 0, 0
68, 4, 45, 8, 19, 0, 0, 18, 0, 0, 0, 0, 0, 0, 0
68, 5, 58, 16, 26, 0, 0, 16, 0, 0, 0, 0, 0, 0, 0
68, 6, 46, 12, 18, 0, 0, 16, 0, 0, 0, 0, 0, 0, 0
68, 7, 39, 6, 17, 0, 0, 16, 0, 0, 0, 0, 0, 0, 0
68, 8, 36, 10, 10, 0, 0, 16, 0, 0, 0, 0, 0, 0, 0
68, 9, 36, 10, 12, 0, 0, 14, 0, 0, 0, 0, 0, 0, 0
68, 10, 38, 10, 12, 0, 0, 16, 0, 0, 0, 0, 0, 0, 0
68, 11, 39, 10, 13, 0, 0, 16, 0, 0, 0, 0, 0, 0, 0
68, 12, 43, 12, 11, 0, 0, 20, 0, 0, 0, 0, 0, 0, 0
68, 13, 41, 8, 13, 0, 0, 20, 0, 0, 0, 0, 0, 0, 0
68, 14, 34, 10, 10, 0, 0, 14, 0, 0, 0, 0, 0, 0, 0
68, 15, 35, 8, 11, 0, 0, 16, 0, 0, 0, 0, 0, 0, 0
68, 16, 35, 10, 9, 0, 0, 16, 0, 0, 0, 0, 0, 0, 0
68, 17, 40, 12, 12, 0, 0, 16, 0, 0, 0, 0, 0, 0, 0
68, 18, 39, 10, 15, 0, 0, 14, 0, 0, 0, 0, 0, 0, 0
68, 19, 47, 12, 15, 0, 0, 20, 0, 0, 0, 0, 0, 0, 0
68, 20, 40, 10, 14, 0, 0, 16, 0, 0, 0, 0, 0, 0, 0
68, 21, 36, 10, 12, 0, 0, 14, 0, 0, 0, 0, 0, 0, 0
68, 22, 38, 10, 12, 0, 0, 16, 0, 0, 0, 0, 0, 0, 0
68, 23, 37, 12, 7, 0, 0, 18, 0, 0, 0, 0, 0, 0, 0
68, 24, 38, 10, 10, 0, 0, 18, 0, 0, 0, 0, 0, 0, 0
68, 25, 38, 12, 10, 0, 0, 16, 0, 0, 0, 0, 0, 0, 0
68, 63, 30, 10, 0, 0, 0, 20, 0, 0, 0, 0, 0, 0, 0
69, 0, 56, 14, 24, 0, 0, 18, 0, 0, 0, 0, 0, 0, 0
69, 1, 53, 10, 25, 0, 0, 18, 0, 0, 0, 0, 0, 0, 0
69, 2, 73, 12, 34, 0, 0, 22, 5, 0, 0, 0, 0, 0, 0
69, 3, 54, 12, 24, 0, 0, 18, 0, 0, 0, 0, 0, 0, 0
69, 4, 45, 8, 19, 0, 0, 18, 0, 0, 0, 0, 0, 0, 0
69, 5, 61, 16, 26, 3, 0, 16, 0, 0, 0, 0, 0, 0, 0
69, 6, 48, 14, 18, 0, 0, 16, 0, 0, 0, 0, 0, 0, 0
69, 7, 39, 6, 17, 0, 0, 16, 0, 0, 0, 0, 0, 0, 0
69, 8, 36, 10, 10, 0, 0, 16, 0, 0, 0, 0, 0, 0, 0
69, 9, 37, 10, 13, 0, 0, 14, 0, 0, 0, 0, 0, 0, 0
69, 10, 38, 10, 12, 0, 0, 16, 0, 0, 0, 0, 0, 0, 0
69, 11, 39, 10, 13, 0, 0, 16, 0, 0, 0, 0, 0, 0, 0
69, 12, 43, 12, 11, 0, 0, 20, 0, 0, 0, 0, 0, 0, 0
69, 13, 41, 8, 13, 0, 0, 20, 0, 0, 0, 0, 0, 0, 0
69, 14, 34, 10, 10, 0, 0, 14, 0, 0, 0, 0, 0, 0, 0
69, 15, 35, 8, 11, 0, 0, 16, 0, 0, 0, 0, 0, 0, 0
69, 16, 35, 10, 9, 0, 0, 16, 0, 0, 0, 0, 0, 0, 0
69, 17, 40, 12, 12, 0, 0, 16, 0, 0, 0, 0, 0, 0, 0
69, 18, 39, 10, 15, 0, 0, 14, 0, 0, 0, 0, 0, 0, 0
69, 19, 47, 12, 15, 0, 0, 20, 0, 0, 0, 0, 0, 0, 0
69, 20, 40, 10, 14, 0, 0, 16, 0, 0, 0, 0, 0, 0, 0
69, 21, 38, 10, 12, 0, 0, 16, 0, 0, 0, 0, 0, 0, 0
69, 22, 38, 10, 12, 0, 0, 16, 0, 0, 0, 0, 0, 0, 0
69, 23, 37, 12, 7, 0, 0, 18, 0, 0, 0, 0, 0, 0, 0
69, 24, 38, 10, 10, 0, 0, 18, 0, 0, 0, 0, 0, 0, 0
69, 25, 38, 12, 10, 0, 0, 16, 0, 0, 0, 0, 0, 0, 0
69, 63, 30, 10, 0, 0, 0, 20, 0, 0, 0, 0, 0, 0, 0
70, 0, 58, 16, 24, 0, 0, 18, 0, 0, 0, 0, 0, 0, 0
70, 1, 53, 10, 25, 0, 0, 18, 0, 0, 0, 0, 0, 0, 0
70, 2, 73, 12, 34, 0, 0, 22, 5, 0, 0, 0, 0, 0, 0
70, 3, 54, 12, 24, 0, 0, 18, 0, 0, 0, 0, 0, 0, 0
70, 4, 45, 8, 19, 0, 0, 18, 0, 0, 0, 0, 0, 0, 0
70, 5, 61, 16, 26, 3, 0, 16, 0, 0, 0, 0, 0, 0, 0
70, 6, 48, 14, 18, 0, 0, 16, 0, 0, 0, 0, 0, 0, 0
70, 7, 41, 8, 17, 0, 0, 16, 0, 0, 0, 0, 0, 0, 0
70, 8, 36, 10, 10, 0, 0, 16, 0, 0, 0, 0, 0, 0, 0
70, 9, 37, 10, 13, 0, 0, 14, 0, 0, 0, 0, 0, 0, 0
70, 10, 38, 10, 12, 0, 0, 16, 0, 0, 0, 0, 0, 0, 0
70, 11, 39, 10, 13, 0, 0, 16, 0, 0, 0, 0, 0, 0, 0
70, 12, 44, 12, 12, 0, 0, 20, 0, 0, 0, 0, 0, 0, 0
70, 13, 41, 8, 13, 0, 0, 20, 0, 0, 0, 0, 0, 0, 0
70, 14, 34, 10, 10, 0, 0, 14, 0, 0, 0, 0, 0, 0, 0
70, 15, 35, 8, 11, 0, 0, 16, 0, 0, 0, 0, 0, 0, 0
70, 16, 35, 10, 9, 0, 0, 16, 0, 0, 0, 0, 0, 0, 0
70, 17, 42, 12, 12, 0, 0, 18, 0, 0, 0, 0, 0, 0, 0
70, 18, 39, 10, 15, 0, 0, 14, 0, 0, 0, 0, 0, 0, 0
70, 19, 49, 12, 15, 0, 0, 22, 0, 0, 0, 0, 0, 0, 0
70, 20, 40, 10, 14, 0, 0, 16, 0, 0, 0, 0, 0, 0, 0
70, 21, 38, 10, 12, 0, 0, 16, 0, 0, 0, 0, 0, 0, 0
70, 22, 38, 10, 12, 0, 0, 16, 0, 0, 0, 0, 0, 0, 0
70, 23, 37, 12, 7, 0, 0, 18, 0, 0, 0, 0, 0, 0, 0
70, 24, 38, 10, 10, 0, 0, 18, 0, 0, 0, 0, 0, 0, 0
70, 25, 38, 12, 10, 0, 0, 16, 0, 0, 0, 0, 0, 0, 0
70, 63, 30, 10, 0, 0, 0, 20, 0, 0, 0, 0, 0, 0, 0
71, 0, 60, 16, 24, 0, 0, 20, 0, 0, 0, 0, 0, 0, 0
71, 1, 54, 10, 26, 0, 0, 18, 0, 0, 0, 0, 0, 0, 0
71, 2, 76, 14, 35, 0, 0, 22, 5, 0, 0, 0, 0, 0, 0
71, 3, 54, 12, 24, 0, 0, 18, 0, 0, 0, 0, 0, 0, 0
71, 4, 53, 10, 25, 0, 0, 18, 0, 0, 0, 0, 0, 0, 0
71, 5, 61, 16, 26, 3, 0, 16, 0, 0, 0, 0, 0, 0, 0
71, 6, 48, 14, 18, 0, 0, 16, 0, 0, 0, 0, 0, 0, 0
71, 7, 42, 8, 18, 0, 0, 16, 0, 0, 0, 0, 0, 0, 0
71, 8, 36, 10, 10, 0, 0, 16, 0, 0, 0, 0, 0, 0, 0
71, 9, 41, 12, 13, 0, 0, 16, 0, 0, 0, 0, 0, 0, 0
71, 10, 40, 10, 12, 0, 0, 18, 0, 0, 0, 0, 0, 0, 0
71, 11, 42, 12, 14, 0, 0, 16, 0, 0, 0, 0, 0, 0, 0
71, 12, 44, 12, 12, 0, 0, 20, 0, 0, 0, 0, 0, 0, 0
71, 13, 41, 8, 13, 0, 0, 20, 0, 0, 0, 0, 0, 0, 0
71, 14, 38, 12, 10, 0, 0, 16, 0, 0, 0, 0, 0, 0, 0
71, 15, 35, 8, 11, 0, 0, 16, 0, 0, 0, 0, 0, 0, 0
71, 16, 37, 12, 9, 0, 0, 16, 0, 0, 0, 0, 0, 0, 0
71, 17, 44, 14, 12, 0, 0, 18, 0, 0, 0, 0, 0, 0, 0
71, 18, 40, 10, 16, 0, 0, 14, 0, 0, 0, 0, 0, 0, 0
71, 19, 49, 12, 15, 0, 0, 22, 0, 0, 0, 0, 0, 0, 0
71, 20, 42, 12, 14, 0, 0, 16, 0, 0, 0, 0, 0, 0, 0
71, 21, 40, 12, 12, 0, 0, 16, 0, 0, 0, 0, 0, 0, 0
71, 22, 40, 12, 12, 0, 0, 16, 0, 0, 0, 0, 0, 0, 0
71, 23, 37, 12, 7, 0, 0, 18, 0, 0, 0, 0, 0, 0, 0
71, 24, 40, 12, 10, 0, 0, 18, 0, 0, 0, 0, 0, 0, 0
71, 25, 40, 12, 10, 0, 0, 18, 0, 0, 0, 0, 0, 0, 0
71, 63, 32, 12, 0, 0, 0, 20, 0, 0, 0, 0, 0, 0, 0
72, 0, 60, 16, 24, 0, 0, 20, 0, 0, 0, 0, 0, 0, 0
72, 1, 54, 10, 26, 0, 0, 18, 0, 0, 0, 0, 0, 0, 0
72, 2, 76, 14, 35, 0, 0, 22, 5, 0, 0, 0, 0, 0, 0
72, 3, 56, 12, 24, 0, 0, 20, 0, 0, 0, 0, 0, 0, 0
72, 4, 53, 10, 25, 0, 0, 18, 0, 0, 0, 0, 0, 0, 0
72, 5, 61, 16, 26, 3, 0, 16, 0, 0, 0, 0, 0, 0, 0
72, 6, 48, 14, 18, 0, 0, 16, 0, 0, 0, 0, 0, 0, 0
72, 7, 42, 8, 18, 0, 0, 16, 0, 0, 0, 0, 0, 0, 0
72, 8, 36, 10, 10, 0, 0, 16, 0, 0, 0, 0, 0, 0, 0
72, 9, 41, 12, 13, 0, 0, 16, 0, 0, 0, 0, 0, 0, 0
72, 10, 42, 10, 12, 0, 0, 20, 0, 0, 0, 0, 0, 0, 0
72, 11, 42, 12, 14, 0, 0, 16, 0, 0, 0, 0, 0, 0, 0
72, 12, 44, 12, 12, 0, 0, 20, 0, 0, 0, 0, 0, 0, 0
72, 13, 41, 8, 13, 0, 0, 20, 0, 0, 0, 0, 0, 0, 0
72, 14, 38, 12, 10, 0, 0, 16, 0, 0, 0, 0, 0, 0, 0
72, 15, 35, 8, 11, 0, 0, 16, 0, 0, 0, 0, 0, 0, 0
72, 16, 37, 12, 9, 0, 0, 16, 0, 0, 0, 0, 0, 0, 0
72, 18, 40, 10, 16, 0, 0, 14, 0, 0, 0, 0, 0, 0, 0
72, 19, 49, 12, 15, 0, 0, 22, 0, 0, 0, 0, 0, 0, 0
72, 20, 42, 12, 14, 0, 0, 16, 0, 0, 0, 0, 0, 0, 0
72, 21, 40, 12, 12, 0, 0, 16, 0, 0, 0, 0, 0, 0, 0
72, 22, 42, 12, 12, 0, 0, 18, 0, 0, 0, 0, 0, 0, 0
72, 23, 37, 12, 7, 0, 0, 18, 0, 0, 0, 0, 0, 0, 0
72, 24, 40, 12, 10, 0, 0, 18, 0, 0, 0, 0, 0, 0, 0
72, 25, 40, 12, 10, 0, 0, 18, 0, 0, 0, 0, 0, 0, 0
72, 63, 32, 12, 0, 0, 0, 20, 0, 0, 0, 0, 0, 0, 0
73, 0, 60, 16, 24, 0, 0, 20, 0, 0, 0, 0, 0, 0, 0
73, 1, 54, 10, 26, 0, 0, 18, 0, 0, 0, 0, 0, 0, 0
73, 2, 76, 14, 35, 0, 0, 22, 5, 0, 0, 0, 0, 0, 0
73, 3, 56, 12, 24, 0, 0, 20, 0, 0, 0, 0, 0, 0, 0
73, 4, 55, 10, 25, 0, 0, 20, 0, 0, 0, 0, 0, 0, 0
73, 5, 75, 16, 36, 3, 4, 16, 0, 0, 0, 0, 0, 0, 0
73, 6, 48, 14, 18, 0, 0, 16, 0, 0, 0, 0, 0, 0, 0
73, 7, 42, 8, 18, 0, 0, 16, 0, 0, 0, 0, 0, 0, 0
73, 8, 38, 10, 10, 0, 0, 18, 0, 0, 0, 0, 0, 0, 0
73, 9, 43, 12, 13, 0, 0, 18, 0, 0, 0, 0, 0, 0, 0
73, 10, 44, 10, 12, 0, 0, 22, 0, 0, 0, 0, 0, 0, 0
73, 11, 42, 12, 14, 0, 0, 16, 0, 0, 0, 0, 0, 0, 0
73, 12, 46, 12, 12, 0, 0, 22, 0, 0, 0, 0, 0, 0, 0
73, 13, 41, 8, 13, 0, 0, 20, 0, 0, 0, 0, 0, 0, 0
73, 14, 38, 12, 10, 0, 0, 16, 0, 0, 0, 0, 0, 0, 0
73, 15, 37, 8, 11, 0, 0, 18, 0, 0, 0, 0, 0, 0, 0
73, 16, 37, 12, 9, 0, 0, 16, 0, 0, 0, 0, 0, 0, 0
73, 18, 42, 10, 16, 0, 0, 16, 0, 0, 0, 0, 0, 0, 0
73, 19, 49, 12, 15, 0, 0, 22, 0, 0, 0, 0, 0, 0, 0
73, 20, 44, 12, 14, 0, 0, 18, 0, 0, 0, 0, 0, 0, 0
73, 21, 40, 12, 12, 0, 0, 16, 0, 0, 0, 0, 0, 0, 0
73, 22, 42, 12, 12, 0, 0, 18, 0, 0, 0, 0, 0, 0, 0
73, 23, 37, 12, 7, 0, 0, 18, 0, 0, 0, 0, 0, 0, 0
73, 24, 40, 12, 10, 0, 0, 18, 0, 0, 0, 0, 0, 0, 0
73, 25, 43, 14, 11, 0, 0, 18, 0, 0, 0, 0, 0, 0, 0
73, 63, 34, 12, 0, 0, 0, 22, 0, 0, 0, 0, 0, 0, 0
74, 0, 60, 16, 24, 0, 0, 20, 0, 0, 0, 0, 0, 0, 0
74, 1, 54, 10, 26, 0, 0, 18, 0, 0, 0, 0, 0, 0, 0
74, 2, 76, 14, 35, 0, 0, 22, 5, 0, 0, 0, 0, 0, 0
74, 3, 58, 14, 24, 0, 0, 20, 0, 0, 0, 0, 0, 0, 0
74, 4, 55, 10, 25, 0, 0, 20, 0, 0, 0, 0, 0, 0, 0
74, 5, 75, 16, 36, 3, 4, 16, 0, 0, 0, 0, 0, 0, 0
74, 6, 48, 14, 18, 0, 0, 16, 0, 0, 0, 0, 0, 0, 0
74, 7, 42, 8, 18, 0, 0, 16, 0, 0, 0, 0, 0, 0, 0
74, 8, 38, 10, 10, 0, 0, 18, 0, 0, 0, 0, 0, 0, 0
74, 9, 43, 12, 13, 0, 0, 18, 0, 0, 0, 0, 0, 0, 0
74, 10, 44, 10, 12, 0, 0, 22, 0, 0, 0, 0, 0, 0, 0
74, 11, 42, 12, 14, 0, 0, 16, 0, 0, 0, 0, 0, 0, 0
74, 12, 46, 12, 12, 0, 0, 22, 0, 0, 0, 0, 0, 0, 0
74, 13, 43, 8, 13, 0, 0, 22, 0, 0, 0, 0, 0, 0, 0
74, 14, 40, 12, 10, 0, 0, 18, 0, 0, 0, 0, 0, 0, 0
74, 15, 39, 8, 11, 0, 0, 20, 0, 0, 0, 0, 0, 0, 0
74, 16, 37, 12, 9, 0, 0, 16, 0, 0, 0, 0, 0, 0, 0
74, 18, 42, 10, 16, 0, 0, 16, 0, 0, 0, 0, 0, 0, 0
74, 19, 49, 12, 15, 0, 0, 22, 0, 0, 0, 0, 0, 0, 0
74, 20, 44, 12, 14, 0, 0, 18, 0, 0, 0, 0, 0, 0, 0
74, 21, 40, 12, 12, 0, 0, 16, 0, 0, 0, 0, 0, 0, 0
74, 22, 42, 12, 12, 0, 0, 18, 0, 0, 0, 0, 0, 0, 0
74, 23, 37, 12, 7, 0, 0, 18, 0, 0, 0, 0, 0, 0, 0
74, 24, 42, 12, 10, 0, 0, 20, 0, 0, 0, 0, 0, 0, 0
74, 25, 45, 16, 11, 0, 0, 18, 0, 0, 0, 0, 0, 0, 0
74, 63, 34, 12, 0, 0, 0, 22, 0, 0, 0, 0, 0, 0, 0
75, 0, 60, 16, 24, 0, 0, 20, 0, 0, 0, 0, 0, 0, 0
75, 1, 54, 10, 26, 0, 0, 18, 0, 0, 0, 0, 0, 0, 0
75, 2, 76, 14, 35, 0, 0, 22, 5, 0, 0, 0, 0, 0, 0
75, 3, 59, 14, 25, 0, 0, 20, 0, 0, 0, 0, 0, 0, 0
75, 4, 55, 10, 25, 0, 0, 20, 0, 0, 0, 0, 0, 0, 0
75, 5, 76, 16, 37, 3, 4, 16, 0, 0, 0, 0, 0, 0, 0
75, 6, 51, 14, 18, 3, 0, 16, 0, 0, 0, 0, 0, 0, 0
75, 7, 44, 8, 18, 0, 0, 18, 0, 0, 0, 0, 0, 0, 0
75, 8, 38, 10, 10, 0, 0, 18, 0, 0, 0, 0, 0, 0, 0
75, 9, 45, 12, 13, 0, 0, 20, 0, 0, 0, 0, 0, 0, 0
75, 10, 44, 10, 12, 0, 0, 22, 0, 0, 0, 0, 0, 0, 0
75, 11, 44, 12, 14, 0, 0, 18, 0, 0, 0, 0, 0, 0, 0
75, 12, 46, 12, 12, 0, 0, 22, 0, 0, 0, 0, 0, 0, 0
75, 13, 43, 8, 13, 0, 0, 22, 0, 0, 0, 0, 0, 0, 0
75, 14, 40, 12, 10, 0, 0, 18, 0, 0, 0, 0, 0, 0, 0
75, 15, 40, 8, 12, 0, 0, 20, 0, 0, 0, 0, 0, 0, 0
75, 16, 39, 12, 9, 0, 0, 18, 0, 0, 0, 0, 0, 0, 0
75, 18, 44, 12, 16, 0, 0, 16, 0, 0, 0, 0, 0, 0, 0
75, 19, 49, 12, 15, 0, 0, 22, 0, 0, 0, 0, 0, 0, 0
75, 20, 46, 12, 14, 0, 0, 20, 0, 0, 0, 0, 0, 0, 0
75, 21, 42, 12, 12, 0, 0, 18, 0, 0, 0, 0, 0, 0, 0
75, 22, 42, 12, 12, 0, 0, 18, 0, 0, 0, 0, 0, 0, 0
75, 23, 37, 12, 7, 0, 0, 18, 0, 0, 0, 0, 0, 0, 0
75, 24, 42, 12, 10, 0, 0, 20, 0, 0, 0, 0, 0, 0, 0
75, 25, 45, 16, 11, 0, 0, 18, 0, 0, 0, 0, 0, 0, 0
75, 63, 36, 12, 0, 0, 0, 24, 0, 0, 0, 0, 0, 0, 0
76, 0, 62, 18, 24, 0, 0, 20, 0, 0, 0, 0, 0, 0, 0
76, 1, 54, 10, 26, 0, 0, 18, 0, 0, 0, 0, 0, 0, 0
76, 2, 77, 14, 36, 0, 0, 22, 5, 0, 0, 0, 0, 0, 0
76, 3, 59, 14, 25, 0, 0, 20, 0, 0, 0, 0, 0, 0, 0
76, 4, 55, 10, 25, 0, 0, 20, 0, 0, 0, 0, 0, 0, 0
76, 5, 76, 16, 37, 3, 4, 16, 0, 0, 0, 0, 0, 0, 0
76, 6, 51, 14, 18, 3, 0, 16, 0, 0, 0, 0, 0, 0, 0
76, 7, 44, 8, 18, 0, 0, 18, 0, 0, 0, 0, 0, 0, 0
76, 8, 38, 10, 10, 0, 0, 18, 0, 0, 0, 0, 0, 0, 0
76, 9, 45, 12, 13, 0, 0, 20, 0, 0, 0, 0, 0, 0, 0
76, 10, 44, 10, 12, 0, 0, 22, 0, 0, 0, 0, 0, 0, 0
76, 11, 44, 12, 14, 0, 0, 18, 0, 0, 0, 0, 0, 0, 0
76, 12, 46, 12, 12, 0, 0, 22, 0, 0, 0, 0, 0, 0, 0
76, 13, 43, 8, 13, 0, 0, 22, 0, 0, 0, 0, 0, 0, 0
76, 14, 40, 12, 10, 0, 0, 18, 0, 0, 0, 0, 0, 0, 0
76, 15, 40, 8, 12, 0, 0, 20, 0, 0, 0, 0, 0, 0, 0
76, 16, 42, 12, 10, 0, 0, 20, 0, 0, 0, 0, 0, 0, 0
76, 18, 46, 14, 16, 0, 0, 16, 0, 0, 0, 0, 0, 0, 0
76, 19, 49, 12, 15, 0, 0, 22, 0, 0, 0, 0, 0, 0, 0
76, 20, 46, 12, 14, 0, 0, 20, 0, 0, 0, 0, 0, 0, 0
76, 21, 44, 12, 12, 0, 0, 20, 0, 0, 0, 0, 0, 0, 0
76, 22, 44, 12, 12, 0, 0, 20, 0, 0, 0, 0, 0, 0, 0
76, 23, 37, 12, 7, 0, 0, 18, 0, 0, 0, 0, 0, 0, 0
76, 24, 43, 12, 11, 0, 0, 20, 0, 0, 0, 0, 0, 0, 0
76, 25, 47, 16, 11, 0, 0, 20, 0, 0, 0, 0, 0, 0, 0
76, 63, 36, 12, 0, 0, 0, 24, 0, 0, 0, 0, 0, 0, 0
77, 0, 62, 18, 24, 0, 0, 20, 0, 0, 0, 0, 0, 0, 0
77, 1, 57, 10, 27, 0, 0, 20, 0, 0, 0, 0, 0, 0, 0
77, 2, 77, 14, 36, 0, 0, 22, 5, 0, 0, 0, 0, 0, 0
77, 3, 59, 14, 25, 0, 0, 20, 0, 0, 0, 0, 0, 0, 0
77, 4, 55, 10, 25, 0, 0, 20, 0, 0, 0, 0, 0, 0, 0
77, 5, 80, 18, 37, 3, 4, 18, 0, 0, 0, 0, 0, 0, 0
77, 6, 51, 14, 18, 3, 0, 16, 0, 0, 0, 0, 0, 0, 0
77, 7, 44, 8, 18, 0, 0, 18, 0, 0, 0, 0, 0, 0, 0
77, 8, 40, 12, 10, 0, 0, 18, 0, 0, 0, 0, 0, 0, 0
77, 9, 47, 14, 13, 0, 0, 20, 0, 0, 0, 0, 0, 0, 0
77, 10, 46, 12, 12, 0, 0, 22, 0, 0, 0, 0, 0, 0, 0
77, 11, 44, 12, 14, 0, 0, 18, 0, 0, 0, 0, 0, 0, 0
77, 12, 46, 12, 12, 0, 0, 22, 0, 0, 0, 0, 0, 0, 0
77, 13, 43, 8, 13, 0, 0, 22, 0, 0, 0, 0, 0, 0, 0
77, 14, 42, 14, 10, 0, 0, 18, 0, 0, 0, 0, 0, 0, 0
77, 15, 40, 8, 12, 0, 0, 20, 0, 0, 0, 0, 0, 0, 0
77, 16, 44, 14, 10, 0, 0, 20, 0, 0, 0, 0, 0, 0, 0
77, 18, 46, 14, 16, 0, 0, 16, 0, 0, 0, 0, 0, 0, 0
77, 19, 51, 14, 15, 0, 0, 22, 0, 0, 0, 0, 0, 0, 0
77, 20, 46, 12, 14, 0, 0, 20, 0, 0, 0, 0, 0, 0, 0
77, 21, 46, 14, 12, 0, 0, 20, 0, 0, 0, 0, 0, 0, 0
77, 22, 44, 12, 12, 0, 0, 20, 0, 0, 0, 0, 0, 0, 0
77, 23, 39, 14, 7, 0, 0, 18, 0, 0, 0, 0, 0, 0, 0
77, 24, 43, 12, 11, 0, 0, 20, 0, 0, 0, 0, 0, 0, 0
77, 25, 47, 16, 11, 0, 0, 20, 0, 0, 0, 0, 0, 0, 0
77, 63, 38, 14, 0, 0, 0, 24, 0, 0, 0, 0, 0, 0, 0
78, 0, 66, 18, 28, 0, 0, 20, 0, 0, 0, 0, 0, 0, 0
78, 1, 57, 10, 27, 0, 0, 20, 0, 0, 0, 0, 0, 0, 0
78, 2, 76, 14, 35, 0, 0, 22, 5, 0, 0, 0, 0, 0, 0
78, 3, 59, 14, 25, 0, 0, 20, 0, 0, 0, 0, 0, 0, 0
78, 4, 55, 10, 25, 0, 0, 20, 0, 0, 0, 0, 0, 0, 0
78, 5, 80, 18, 37, 3, 4, 18, 0, 0, 0, 0, 0, 0, 0
78, 6, 51, 14, 18, 3, 0, 16, 0, 0, 0, 0, 0, 0, 0
78, 7, 44, 8, 18, 0, 0, 18, 0, 0, 0, 0, 0, 0, 0
78, 8, 42, 14, 10, 0, 0, 18, 0, 0, 0, 0, 0, 0, 0
78, 9, 47, 14, 13, 0, 0, 20, 0, 0, 0, 0, 0, 0, 0
78, 10, 48, 14, 12, 0, 0, 22, 0, 0, 0, 0, 0, 0, 0
78, 11, 44, 12, 14, 0, 0, 18, 0, 0, 0, 0, 0, 0, 0
78, 12, 46, 12, 12, 0, 0, 22, 0, 0, 0, 0, 0, 0, 0
78, 13, 43, 8, 13, 0, 0, 22, 0, 0, 0, 0, 0, 0, 0
78, 14, 42, 14, 10, 0, 0, 18, 0, 0, 0, 0, 0, 0, 0
78, 15, 40, 8, 12, 0, 0, 20, 0, 0, 0, 0, 0, 0, 0
78, 16, 44, 14, 10, 0, 0, 20, 0, 0, 0, 0, 0, 0, 0
78, 18, 48, 14, 16, 0, 0, 18, 0, 0, 0, 0, 0, 0, 0
78, 19, 51, 14, 15, 0, 0, 22, 0, 0, 0, 0, 0, 0, 0
78, 20, 46, 12, 14, 0, 0, 20, 0, 0, 0, 0, 0, 0, 0
78, 21, 47, 14, 13, 0, 0, 20, 0, 0, 0, 0, 0, 0, 0
78, 22, 44, 12, 12, 0, 0, 20, 0, 0, 0, 0, 0, 0, 0
78, 23, 39, 14, 7, 0, 0, 18, 0, 0, 0, 0, 0, 0, 0
78, 24, 43, 12, 11, 0, 0, 20, 0, 0, 0, 0, 0, 0, 0
78, 25, 47, 16, 11, 0, 0, 20, 0, 0, 0, 0, 0, 0, 0
78, 63, 38, 14, 0, 0, 0, 24, 0, 0, 0, 0, 0, 0, 0
79, 0, 69, 18, 29, 0, 0, 22, 0, 0, 0, 0, 0, 0, 0
79, 1, 57, 10, 27, 0, 0, 20, 0, 0, 0, 0, 0, 0, 0
79, 2, 77, 14, 36, 0, 0, 22, 5, 0, 0, 0, 0, 0, 0
79, 3, 59, 14, 25, 0, 0, 20, 0, 0, 0, 0, 0, 0, 0
79, 4, 55, 10, 25, 0, 0, 20, 0, 0, 0, 0, 0, 0, 0
79, 5, 80, 18, 37, 3, 4, 18, 0, 0, 0, 0, 0, 0, 0
79, 6, 55, 14, 18, 3, 0, 20, 0, 0, 0, 0, 0, 0, 0
79, 7, 47, 8, 21, 0, 0, 18, 0, 0, 0, 0, 0, 0, 0
79, 8, 42, 14, 10, 0, 0, 18, 0, 0, 0, 0, 0, 0, 0
79, 9, 47, 14, 13, 0, 0, 20, 0, 0, 0, 0, 0, 0, 0
79, 10, 48, 14, 12, 0, 0, 22, 0, 0, 0, 0, 0, 0, 0
79, 11, 44, 12, 14, 0, 0, 18, 0, 0, 0, 0, 0, 0, 0
79, 12, 46, 12, 12, 0, 0, 22, 0, 0, 0, 0, 0, 0, 0
79, 13, 43, 8, 13, 0, 0, 22, 0, 0, 0, 0, 0, 0, 0
79, 14, 42, 14, 10, 0, 0, 18, 0, 0, 0, 0, 0, 0, 0
79, 15, 40, 8, 12, 0, 0, 20, 0, 0, 0, 0, 0, 0, 0
79, 16, 44, 14, 10, 0, 0, 20, 0, 0, 0, 0, 0, 0, 0
79, 18, 50, 14, 16, 0, 0, 20, 0, 0, 0, 0, 0, 0, 0
79, 19, 51, 14, 15, 0, 0, 22, 0, 0, 0, 0, 0, 0, 0
79, 20, 46, 12, 14, 0, 0, 20, 0, 0, 0, 0, 0, 0, 0
79, 21, 47, 14, 13, 0, 0, 20, 0, 0, 0, 0, 0, 0, 0
79, 22, 44, 12, 12, 0, 0, 20, 0, 0, 0, 0, 0, 0, 0
79, 23, 39, 14, 7, 0, 0, 18, 0, 0, 0, 0, 0, 0, 0
79, 24, 43, 12, 11, 0, 0, 20, 0, 0, 0, 0, 0, 0, 0
79, 25, 47, 16, 11, 0, 0, 20, 0, 0, 0, 0, 0, 0, 0
79, 63, 38, 14, 0, 0, 0, 24, 0, 0, 0, 0, 0, 0, 0
80, 0, 69, 18, 29, 0, 0, 22, 0, 0, 0, 0, 0, 0, 0
80, 1, 57, 10, 27, 0, 0, 20, 0, 0, 0, 0, 0, 0, 0
80, 2, 79, 14, 36, 0, 0, 24, 5, 0, 0, 0, 0, 0, 0
80, 3, 59, 14, 25, 0, 0, 20, 0, 0, 0, 0, 0, 0, 0
80, 4, 55, 10, 25, 0, 0, 20, 0, 0, 0, 0, 0, 0, 0
80, 5, 81, 18, 38, 3, 4, 18, 0, 0, 0, 0, 0, 0, 0
80, 6, 56, 14, 19, 3, 0, 20, 0, 0, 0, 0, 0, 0, 0
80, 7, 47, 8, 21, 0, 0, 18, 0, 0, 0, 0, 0, 0, 0
80, 8, 42, 14, 10, 0, 0, 18, 0, 0, 0, 0, 0, 0, 0
80, 9, 47, 14, 13, 0, 0, 20, 0, 0, 0, 0, 0, 0, 0
80, 10, 48, 14, 12, 0, 0, 22, 0, 0, 0, 0, 0, 0, 0
80, 11, 44, 12, 14, 0, 0, 18, 0, 0, 0, 0, 0, 0, 0
80, 12, 46, 12, 12, 0, 0, 22, 0, 0, 0, 0, 0, 0, 0
80, 13, 43, 8, 13, 0, 0, 22, 0, 0, 0, 0, 0, 0, 0
80, 14, 42, 14, 10, 0, 0, 18, 0, 0, 0, 0, 0, 0, 0
80, 15, 40, 8, 12, 0, 0, 20, 0, 0, 0, 0, 0, 0, 0
80, 16, 44, 14, 10, 0, 0, 20, 0, 0, 0, 0, 0, 0, 0
80, 18, 52, 14, 16, 0, 0, 22, 0, 0, 0, 0, 0, 0, 0
80, 19, 51, 14, 15, 0, 0, 22, 0, 0, 0, 0, 0, 0, 0
80, 20, 46, 12, 14, 0, 0, 20, 0, 0, 0, 0, 0, 0, 0
80, 21, 47, 14, 13, 0, 0, 20, 0, 0, 0, 0, 0, 0, 0
80, 22, 46, 12, 12, 0, 0, 22, 0, 0, 0, 0, 0, 0, 0
80, 23, 39, 14, 7, 0, 0, 18, 0, 0, 0, 0, 0, 0, 0
80, 24, 43, 12, 11, 0, 0, 20, 0, 0, 0, 0, 0, 0, 0
80, 25, 48, 16, 12, 0, 0, 20, 0, 0, 0, 0, 0, 0, 0
80, 63, 38, 14, 0, 0, 0, 24, 0, 0, 0, 0, 0, 0, 0
81, 0, 69, 18, 29, 0, 0, 22, 0, 0, 0, 0, 0, 0, 0
81, 1, 57, 10, 27, 0, 0, 20, 0, 0, 0, 0, 0, 0, 0
81, 2, 82, 14, 39, 0, 0, 24, 5, 0, 0, 0, 0, 0, 0
81, 3, 59, 14, 25, 0, 0, 20, 0, 0, 0, 0, 0, 0, 0
81, 4, 63, 12, 29, 0, 0, 22, 0, 0, 0, 0, 0, 0, 0
81, 5, 81, 18, 38, 3, 4, 18, 0, 0, 0, 0, 0, 0, 0
81, 6, 56, 14, 19, 3, 0, 20, 0, 0, 0, 0, 0, 0, 0
81, 7, 47, 8, 21, 0, 0, 18, 0, 0, 0, 0, 0, 0, 0
81, 8, 42, 14, 10, 0, 0, 18, 0, 0, 0, 0, 0, 0, 0
81, 9, 47, 14, 13, 0, 0, 20, 0, 0, 0, 0, 0, 0, 0
81, 10, 48, 14, 12, 0, 0, 22, 0, 0, 0, 0, 0, 0, 0
81, 11, 44, 12, 14, 0, 0, 18, 0, 0, 0, 0, 0, 0, 0
81, 12, 46, 12, 12, 0, 0, 22, 0, 0, 0, 0, 0, 0, 0
81, 13, 43, 8, 13, 0, 0, 22, 0, 0, 0, 0, 0, 0, 0
81, 14, 42, 14, 10, 0, 0, 18, 0, 0, 0, 0, 0, 0, 0
81, 15, 40, 8, 12, 0, 0, 20, 0, 0, 0, 0, 0, 0, 0
81, 16, 44, 14, 10, 0, 0, 20, 0, 0, 0, 0, 0, 0, 0
81, 18, 54, 14, 16, 0, 0, 24, 0, 0, 0, 0, 0, 0, 0
81, 19, 51, 14, 15, 0, 0, 22, 0, 0, 0, 0, 0, 0, 0
81, 20, 48, 12, 14, 0, 0, 22, 0, 0, 0, 0, 0, 0, 0
81, 21, 47, 14, 13, 0, 0, 20, 0, 0, 0, 0, 0, 0, 0
81, 22, 46, 12, 12, 0, 0, 22, 0, 0, 0, 0, 0, 0, 0
81, 23, 39, 14, 7, 0, 0, 18, 0, 0, 0, 0, 0, 0, 0
81, 24, 43, 12, 11, 0, 0, 20, 0, 0, 0, 0, 0, 0, 0
81, 25, 48, 16, 12, 0, 0, 20, 0, 0, 0, 0, 0, 0, 0
81, 63, 38, 14, 0, 0, 0, 24, 0, 0, 0, 0, 0, 0, 0
82, 0, 69, 18, 29, 0, 0, 22, 0, 0, 0, 0, 0, 0, 0
82, 1, 59, 12, 27, 0, 0, 20, 0, 0, 0, 0, 0, 0, 0
82, 2, 82, 14, 39, 0, 0, 24, 5, 0, 0, 0, 0, 0, 0
82, 3, 60, 14, 26, 0, 0, 20, 0, 0, 0, 0, 0, 0, 0
82, 4, 63, 12, 29, 0, 0, 22, 0, 0, 0, 0, 0, 0, 0
82, 5, 81, 18, 38, 3, 4, 18, 0, 0, 0, 0, 0, 0, 0
82, 6, 56, 14, 19, 3, 0, 20, 0, 0, 0, 0, 0, 0, 0
82, 7, 47, 8, 21, 0, 0, 18, 0, 0, 0, 0, 0, 0, 0
82, 8, 42, 14, 10, 0, 0, 18, 0, 0, 0, 0, 0, 0, 0
82, 9, 47, 14, 13, 0, 0, 20, 0, 0, 0, 0, 0, 0, 0
82, 10, 48, 14, 12, 0, 0, 22, 0, 0, 0, 0, 0, 0, 0
82, 11, 44, 12, 14, 0, 0, 18, 0, 0, 0, 0, 0, 0, 0
82, 12, 46, 12, 12, 0, 0, 22, 0, 0, 0, 0, 0, 0, 0
82, 13, 43, 8, 13, 0, 0, 22, 0, 0, 0, 0, 0, 0, 0
82, 14, 42, 14, 10, 0, 0, 18, 0, 0, 0, 0, 0, 0, 0
82, 15, 40, 8, 12, 0, 0, 20, 0, 0, 0, 0, 0, 0, 0
82, 16, 44, 14, 10, 0, 0, 20, 0, 0, 0, 0, 0, 0, 0
82, 18, 54, 14, 16, 0, 0, 24, 0, 0, 0, 0, 0, 0, 0
82, 19, 51, 14, 15, 0, 0, 22, 0, 0, 0, 0, 0, 0, 0
82, 20, 50, 12, 14, 0, 0, 24, 0, 0, 0, 0, 0, 0, 0
82, 21, 49, 14, 13, 0, 0, 22, 0, 0, 0, 0, 0, 0, 0
82, 22, 47, 12, 13, 0, 0, 22, 0, 0, 0, 0, 0, 0, 0
82, 23, 39, 14, 7, 0, 0, 18, 0, 0, 0, 0, 0, 0, 0
82, 24, 43, 12, 11, 0, 0, 20, 0, 0, 0, 0, 0, 0, 0
82, 25, 48, 16, 12, 0, 0, 20, 0, 0, 0, 0, 0, 0, 0
82, 63, 38, 14, 0, 0, 0, 24, 0, 0, 0, 0, 0, 0, 0
83, 0, 71, 18, 29, 0, 0, 24, 0, 0, 0, 0, 0, 0, 0
83, 1, 58, 12, 26, 0, 0, 20, 0, 0, 0, 0, 0, 0, 0
83, 2, 86, 16, 39, 0, 0, 26, 5, 0, 0, 0, 0, 0, 0
83, 3, 69, 14, 35, 0, 0, 20, 0, 0, 0, 0, 0, 0, 0
83, 4, 63, 12, 29, 0, 0, 22, 0, 0, 0, 0, 0, 0, 0
83, 5, 83, 20, 38, 3, 4, 18, 0, 0, 0, 0, 0, 0, 0
83, 6, 56, 14, 19, 3, 0, 20, 0, 0, 0, 0, 0, 0, 0
83, 7, 47, 8, 21, 0, 0, 18, 0, 0, 0, 0, 0, 0, 0
83, 8, 42, 14, 10, 0, 0, 18, 0, 0, 0, 0, 0, 0, 0
83, 9, 47, 14, 13, 0, 0, 20, 0, 0, 0, 0, 0, 0, 0
83, 10, 50, 14, 12, 0, 0, 24, 0, 0, 0, 0, 0, 0, 0
83, 11, 44, 12, 14, 0, 0, 18, 0, 0, 0, 0, 0, 0, 0
83, 12, 46, 12, 12, 0, 0, 22, 0, 0, 0, 0, 0, 0, 0
83, 13, 44, 8, 14, 0, 0, 22, 0, 0, 0, 0, 0, 0, 0
83, 14, 42, 14, 10, 0, 0, 18, 0, 0, 0, 0, 0, 0, 0
83, 15, 40, 8, 12, 0, 0, 20, 0, 0, 0, 0, 0, 0, 0
83, 16, 44, 14, 10, 0, 0, 20, 0, 0, 0, 0, 0, 0, 0
83, 18, 54, 14, 16, 0, 0, 24, 0, 0, 0, 0, 0, 0, 0
83, 19, 53, 14, 15, 0, 0, 24, 0, 0, 0, 0, 0, 0, 0
83, 20, 50, 12, 14, 0, 0, 24, 0, 0, 0, 0, 0, 0, 0
83, 21, 49, 14, 13, 0, 0, 22, 0, 0, 0, 0, 0, 0, 0
83, 22, 47, 12, 13, 0, 0, 22, 0, 0, 0, 0, 0, 0, 0
83, 23, 39, 14, 7, 0, 0, 18, 0, 0, 0, 0, 0, 0, 0
83, 24, 43, 12, 11, 0, 0, 20, 0, 0, 0, 0, 0, 0, 0
83, 25, 48, 16, 12, 0, 0, 20, 0, 0, 0, 0, 0, 0, 0
83, 63, 38, 14, 0, 0, 0, 24, 0, 0, 0, 0, 0, 0, 0
84, 0, 71, 18, 29, 0, 0, 24, 0, 0, 0, 0, 0, 0, 0
84, 1, 60, 12, 26, 0, 0, 22, 0, 0, 0, 0, 0, 0, 0
84, 2, 87, 16, 40, 0, 0, 26, 5, 0, 0, 0, 0, 0, 0
84, 3, 73, 16, 35, 0, 0, 22, 0, 0, 0, 0, 0, 0, 0
84, 4, 69, 12, 30, 0, 0, 22, 5, 0, 0, 0, 0, 0, 0
84, 5, 85, 20, 38, 3, 4, 20, 0, 0, 0, 0, 0, 0, 0
84, 6, 62, 14, 25, 3, 0, 20, 0, 0, 0, 0, 0, 0, 0
84, 7, 47, 8, 21, 0, 0, 18, 0, 0, 0, 0, 0, 0, 0
84, 8, 44, 16, 10, 0, 0, 18, 0, 0, 0, 0, 0, 0, 0
84, 9, 47, 14, 13, 0, 0, 20, 0, 0, 0, 0, 0, 0, 0
84, 10, 52, 16, 12, 0, 0, 24, 0, 0, 0, 0, 0, 0, 0
84, 11, 46, 14, 14, 0, 0, 18, 0, 0, 0, 0, 0, 0, 0
84, 12, 50, 14, 12, 0, 0, 24, 0, 0, 0, 0, 0, 0, 0
84, 13, 46, 8, 14, 0, 0, 24, 0, 0, 0, 0, 0, 0, 0
84, 14, 42, 14, 10, 0, 0, 18, 0, 0, 0, 0, 0, 0, 0
84, 15, 40, 8, 12, 0, 0, 20, 0, 0, 0, 0, 0, 0, 0
84, 16, 46, 14, 10, 0, 0, 22, 0, 0, 0, 0, 0, 0, 0
84, 18, 56, 16, 16, 0, 0, 24, 0, 0, 0, 0, 0, 0, 0
84, 19, 53, 14, 15, 0, 0, 24, 0, 0, 0, 0, 0, 0, 0
84, 20, 52, 14, 14, 0, 0, 24, 0, 0, 0, 0, 0, 0, 0
84, 21, 51, 14, 13, 0, 0, 24, 0, 0, 0, 0, 0, 0, 0
84, 22, 49, 14, 13, 0, 0, 22, 0, 0, 0, 0, 0, 0, 0
84, 23, 41, 14, 7, 0, 0, 20, 0, 0, 0, 0, 0, 0, 0
84, 24, 45, 14, 11, 0, 0, 20, 0, 0, 0, 0, 0, 0, 0
84, 25, 50, 18, 12, 0, 0, 20, 0, 0, 0, 0, 0, 0, 0
84, 63, 42, 16, 0, 0, 0, 26, 0, 0, 0, 0, 0, 0, 0
85, 0, 71, 18, 29, 0, 0, 24, 0, 0, 0, 0, 0, 0, 0
85, 1, 60, 12, 26, 0, 0, 22, 0, 0, 0, 0, 0, 0, 0
85, 2, 90, 16, 43, 0, 0, 26, 5, 0, 0, 0, 0, 0, 0
85, 3, 73, 16, 35, 0, 0, 22, 0, 0, 0, 0, 0, 0, 0
85, 4, 69, 12, 30, 0, 0, 22, 5, 0, 0, 0, 0, 0, 0
85, 5, 85, 20, 38, 3, 4, 20, 0, 0, 0, 0, 0, 0, 0
85, 6, 62, 14, 25, 3, 0, 20, 0, 0, 0, 0, 0, 0, 0
85, 7, 47, 8, 21, 0, 0, 18, 0, 0, 0, 0, 0, 0, 0
85, 8, 44, 16, 10, 0, 0, 18, 0, 0, 0, 0, 0, 0, 0
85, 9, 47, 14, 13, 0, 0, 20, 0, 0, 0, 0, 0, 0, 0
85, 10, 52, 16, 12, 0, 0, 24, 0, 0, 0, 0, 0, 0, 0
85, 11, 46, 14, 14, 0, 0, 18, 0, 0, 0, 0, 0, 0, 0
85, 12, 52, 14, 12, 0, 0, 26, 0, 0, 0, 0, 0, 0, 0
85, 13, 48, 8, 14, 0, 0, 26, 0, 0, 0, 0, 0, 0, 0
85, 14, 42, 14, 10, 0, 0, 18, 0, 0, 0, 0, 0, 0, 0
85, 15, 40, 8, 12, 0, 0, 20, 0, 0, 0, 0, 0, 0, 0
85, 16, 48, 14, 10, 0, 0, 24, 0, 0, 0, 0, 0, 0, 0
85, 18, 56, 16, 16, 0, 0, 24, 0, 0, 0, 0, 0, 0, 0
85, 19, 56, 16, 16, 0, 0, 24, 0, 0, 0, 0, 0, 0, 0
85, 20, 52, 14, 14, 0, 0, 24, 0, 0, 0, 0, 0, 0, 0
85, 21, 53, 14, 13, 0, 0, 26, 0, 0, 0, 0, 0, 0, 0
85, 22, 49, 14, 13, 0, 0, 22, 0, 0, 0, 0, 0, 0, 0
85, 23, 46, 14, 10, 0, 0, 22, 0, 0, 0, 0, 0, 0, 0
85, 24, 45, 14, 11, 0, 0, 20, 0, 0, 0, 0, 0, 0, 0
85, 25, 50, 18, 12, 0, 0, 20, 0, 0, 0, 0, 0, 0, 0
85, 63, 42, 16, 0, 0, 0, 26, 0, 0, 0, 0, 0, 0, 0
86, 0, 73, 20, 29, 0, 0, 24, 0, 0, 0, 0, 0, 0, 0
86, 1, 62, 12, 26, 0, 0, 24, 0, 0, 0, 0, 0, 0, 0
86, 2, 96, 18, 44, 3, 0, 26, 5, 0, 0, 0, 0, 0, 0
86, 3, 74, 16, 36, 0, 0, 22, 0, 0, 0, 0, 0, 0, 0
86, 4, 69, 12, 30, 0, 0, 22, 5, 0, 0, 0, 0, 0, 0
86, 5, 85, 20, 38, 3, 4, 20, 0, 0, 0, 0, 0, 0, 0
86, 6, 62, 14, 25, 3, 0, 20, 0, 0, 0, 0, 0, 0, 0
86, 7, 47, 8, 21, 0, 0, 18, 0, 0, 0, 0, 0, 0, 0
86, 8, 47, 16, 11, 0, 0, 20, 0, 0, 0, 0, 0, 0, 0
86, 9, 49, 16, 13, 0, 0, 20, 0, 0, 0, 0, 0, 0, 0
86, 10, 53, 16, 13, 0, 0, 24, 0, 0, 0, 0, 0, 0, 0
86, 11, 50, 16, 14, 0, 0, 20, 0, 0, 0, 0, 0, 0, 0
86, 12, 56, 16, 12, 0, 0, 28, 0, 0, 0, 0, 0, 0, 0
86, 13, 50, 8, 14, 0, 0, 28, 0, 0, 0, 0, 0, 0, 0
86, 14, 44, 16, 10, 0, 0, 18, 0, 0, 0, 0, 0, 0, 0
86, 15, 42, 8, 12, 0, 0, 22, 0, 0, 0, 0, 0, 0, 0
86, 16, 50, 16, 10, 0, 0, 24, 0, 0, 0, 0, 0, 0, 0
86, 18, 56, 16, 16, 0, 0, 24, 0, 0, 0, 0, 0, 0, 0
86, 19, 58, 18, 16, 0, 0, 24, 0, 0, 0, 0, 0, 0, 0
86, 20, 54, 16, 14, 0, 0, 24, 0, 0, 0, 0, 0, 0, 0
86, 21, 57, 16, 13, 0, 0, 28, 0, 0, 0, 0, 0, 0, 0
86, 22, 53, 16, 13, 0, 0, 24, 0, 0, 0, 0, 0, 0, 0
86, 23, 50, 16, 10, 0, 0, 24, 0, 0, 0, 0, 0, 0, 0
86, 24, 47, 16, 11, 0, 0, 20, 0, 0, 0, 0, 0, 0, 0
86, 25, 50, 18, 12, 0, 0, 20, 0, 0, 0, 0, 0, 0, 0
86, 63, 44, 18, 0, 0, 0, 26, 0, 0, 0, 0, 0, 0, 0
87, 0, 73, 20, 29, 0, 0, 24, 0, 0, 0, 0, 0, 0, 0
87, 1, 62, 12, 26, 0, 0, 24, 0, 0, 0, 0, 0, 0, 0
87, 2, 100, 18, 44, 3, 4, 26, 5, 0, 0, 0, 0, 0, 0
87, 3, 74, 16, 36, 0, 0, 22, 0, 0, 0, 0, 0, 0, 0
87, 4, 69, 12, 30, 0, 0, 22, 5, 0, 0, 0, 0, 0, 0
87, 5, 85, 20, 38, 3, 4, 20, 0, 0, 0, 0, 0, 0, 0
87, 6, 65, 14, 26, 3, 0, 22, 0, 0, 0, 0, 0, 0, 0
87, 7, 47, 8, 21, 0, 0, 18, 0, 0, 0, 0, 0, 0, 0
87, 8, 49, 16, 11, 0, 0, 22, 0, 0, 0, 0, 0, 0, 0
87, 9, 53, 18, 13, 0, 0, 22, 0, 0, 0, 0, 0, 0, 0
87, 10, 53, 16, 13, 0, 0, 24, 0, 0, 0, 0, 0, 0, 0
87, 11, 54, 18, 14, 0, 0, 22, 0, 0, 0, 0, 0, 0, 0
87, 12, 61, 18, 13, 0, 0, 30, 0, 0, 0, 0, 0, 0, 0
87, 13, 50, 8, 14, 0, 0, 28, 0, 0, 0, 0, 0, 0, 0
87, 14, 48, 18, 10, 0, 0, 20, 0, 0, 0, 0, 0, 0, 0
87, 15, 44, 8, 12, 0, 0, 24, 0, 0, 0, 0, 0, 0, 0
87, 16, 52, 18, 10, 0, 0, 24, 0, 0, 0, 0, 0, 0, 0
87, 18, 56, 16, 16, 0, 0, 24, 0, 0, 0, 0, 0, 0, 0
87, 19, 58, 18, 16, 0, 0, 24, 0, 0, 0, 0, 0, 0, 0
87, 20, 56, 18, 14, 0, 0, 24, 0, 0, 0, 0, 0, 0, 0
87, 21, 59, 18, 13, 0, 0, 28, 0, 0, 0, 0, 0, 0, 0
87, 22, 57, 18, 13, 0, 0, 26, 0, 0, 0, 0, 0, 0, 0
87, 23, 53, 18, 11, 0, 0, 24, 0, 0, 0, 0, 0, 0, 0
87, 24, 49, 18, 11, 0, 0, 20, 0, 0, 0, 0, 0, 0, 0
87, 25, 54, 20, 12, 0, 0, 22, 0, 0, 0, 0, 0, 0, 0
87, 63, 44, 18, 0, 0, 0, 26, 0, 0, 0, 0, 0, 0, 0
88, 0, 75, 20, 29, 0, 0, 26, 0, 0, 0, 0, 0, 0, 0
88, 1, 62, 12, 26, 0, 0, 24, 0, 0, 0, 0, 0, 0, 0
88, 2, 100, 18, 44, 3, 4, 26, 5, 0, 0, 0, 0, 0, 0
88, 3, 75, 16, 37, 0, 0, 22, 0, 0, 0, 0, 0, 0, 0
88, 4, 69, 12, 30, 0, 0, 22, 5, 0, 0, 0, 0, 0, 0
88, 5, 85, 20, 38, 3, 4, 20, 0, 0, 0, 0, 0, 0, 0
88, 6, 66, 14, 27, 3, 0, 22, 0, 0, 0, 0, 0, 0, 0
88, 7, 47, 8, 21, 0, 0, 18, 0, 0, 0, 0, 0, 0, 0
88, 8, 51, 16, 11, 0, 0, 24, 0, 0, 0, 0, 0, 0, 0
88, 9, 55, 18, 13, 0, 0, 24, 0, 0, 0, 0, 0, 0, 0
88, 10, 53, 16, 13, 0, 0, 24, 0, 0, 0, 0, 0, 0, 0
88, 11, 56, 18, 14, 0, 0, 24, 0, 0, 0, 0, 0, 0, 0
88, 12, 61, 18, 13, 0, 0, 30, 0, 0, 0, 0, 0, 0, 0
88, 13, 50, 8, 14, 0, 0, 28, 0, 0, 0, 0, 0, 0, 0
88, 14, 51, 18, 11, 0, 0, 22, 0, 0, 0, 0, 0, 0, 0
88, 15, 46, 8, 12, 0, 0, 26, 0, 0, 0, 0, 0, 0, 0
88, 16, 52, 18, 10, 0, 0, 24, 0, 0, 0, 0, 0, 0, 0
88, 18, 60, 18, 16, 0, 0, 26, 0, 0, 0, 0, 0, 0, 0
88, 19, 58, 18, 16, 0, 0, 24, 0, 0, 0, 0, 0, 0, 0
88, 20, 56, 18, 14, 0, 0, 24, 0, 0, 0, 0, 0, 0, 0
88, 21, 59, 18, 13, 0, 0, 28, 0, 0, 0, 0, 0, 0, 0
88, 22, 57, 18, 13, 0, 0, 26, 0, 0, 0, 0, 0, 0, 0
88, 23, 52, 18, 10, 0, 0, 24, 0, 0, 0, 0, 0, 0, 0
88, 24, 49, 18, 11, 0, 0, 20, 0, 0, 0, 0, 0, 0, 0
88, 25, 56, 20, 12, 0, 0, 24, 0, 0, 0, 0, 0, 0, 0
88, 63, 44, 18, 0, 0, 0, 26, 0, 0, 0, 0, 0, 0, 0
89, 0, 75, 20, 29, 0, 0, 26, 0, 0, 0, 0, 0, 0, 0
89, 1, 62, 12, 26, 0, 0, 24, 0, 0, 0, 0, 0, 0, 0
89, 2, 100, 18, 44, 3, 4, 26, 5, 0, 0, 0, 0, 0, 0
89, 3, 77, 16, 37, 0, 0, 24, 0, 0, 0, 0, 0, 0, 0
89, 4, 69, 12, 30, 0, 0, 22, 5, 0, 0, 0, 0, 0, 0
89, 5, 85, 20, 38, 3, 4, 20, 0, 0, 0, 0, 0, 0, 0
89, 6, 66, 14, 27, 3, 0, 22, 0, 0, 0, 0, 0, 0, 0
89, 7, 47, 8, 21, 0, 0, 18, 0, 0, 0, 0, 0, 0, 0
89, 8, 51, 16, 11, 0, 0, 24, 0, 0, 0, 0, 0, 0, 0
89, 9, 57, 18, 13, 0, 0, 26, 0, 0, 0, 0, 0, 0, 0
89, 10, 53, 16, 13, 0, 0, 24, 0, 0, 0, 0, 0, 0, 0
89, 11, 58, 18, 14, 0, 0, 26, 0, 0, 0, 0, 0, 0, 0
89, 12, 61, 18, 13, 0, 0, 30, 0, 0, 0, 0, 0, 0, 0
89, 13, 50, 8, 14, 0, 0, 28, 0, 0, 0, 0, 0, 0, 0
89, 14, 51, 18, 11, 0, 0, 22, 0, 0, 0, 0, 0, 0, 0
89, 15, 46, 8, 12, 0, 0, 26, 0, 0, 0, 0, 0, 0, 0
89, 16, 52, 18, 10, 0, 0, 24, 0, 0, 0, 0, 0, 0, 0
89, 18, 62, 20, 16, 0, 0, 26, 0, 0, 0, 0, 0, 0, 0
89, 19, 58, 18, 16, 0, 0, 24, 0, 0, 0, 0, 0, 0, 0
89, 20, 56, 18, 14, 0, 0, 24, 0, 0, 0, 0, 0, 0, 0
89, 21, 59, 18, 13, 0, 0, 28, 0, 0, 0, 0, 0, 0, 0
89, 22, 57, 18, 13, 0, 0, 26, 0, 0, 0, 0, 0, 0, 0
89, 23, 53, 18, 11, 0, 0, 24, 0, 0, 0, 0, 0, 0, 0
89, 24, 49, 18, 11, 0, 0, 20, 0, 0, 0, 0, 0, 0, 0
89, 25, 58, 20, 12, 0, 0, 26, 0, 0, 0, 0, 0, 0, 0
89, 63, 44, 18, 0, 0, 0, 26, 0, 0, 0, 0, 0, 0, 0
90, 0, 75, 20, 29, 0, 0, 26, 0, 0, 0, 0, 0, 0, 0
90, 1, 66, 14, 28, 0, 0, 24, 0, 0, 0, 0, 0, 0, 0
90, 2, 105, 18, 47, 3, 4, 28, 5, 0, 0, 0, 0, 0, 0
90, 3, 77, 16, 37, 0, 0, 24, 0, 0, 0, 0, 0, 0, 0
90, 4, 70, 12, 31, 0, 0, 22, 5, 0, 0, 0, 0, 0, 0
90, 5, 85, 20, 38, 3, 4, 20, 0, 0, 0, 0, 0, 0, 0
90, 6, 66, 14, 27, 3, 0, 22, 0, 0, 0, 0, 0, 0, 0
90, 7, 47, 8, 21, 0, 0, 18, 0, 0, 0, 0, 0, 0, 0
90, 8, 51, 16, 11, 0, 0, 24, 0, 0, 0, 0, 0, 0, 0
90, 9, 57, 18, 13, 0, 0, 26, 0, 0, 0, 0, 0, 0, 0
90, 10, 53, 16, 13, 0, 0, 24, 0, 0, 0, 0, 0, 0, 0
90, 11, 59, 18, 15, 0, 0, 26, 0, 0, 0, 0, 0, 0, 0
90, 12, 61, 18, 13, 0, 0, 30, 0, 0, 0, 0, 0, 0, 0
90, 13, 50, 8, 14, 0, 0, 28, 0, 0, 0, 0, 0, 0, 0
90, 14, 51, 18, 11, 0, 0, 22, 0, 0, 0, 0, 0, 0, 0
90, 15, 46, 8, 12, 0, 0, 26, 0, 0, 0, 0, 0, 0, 0
90, 16, 52, 18, 10, 0, 0, 24, 0, 0, 0, 0, 0, 0, 0
90, 18, 62, 20, 16, 0, 0, 26, 0, 0, 0, 0, 0, 0, 0
90, 19, 60, 20, 16, 0, 0, 24, 0, 0, 0, 0, 0, 0, 0
90, 20, 56, 18, 14, 0, 0, 24, 0, 0, 0, 0, 0, 0, 0
90, 21, 59, 18, 13, 0, 0, 28, 0, 0, 0, 0, 0, 0, 0
90, 22, 57, 18, 13, 0, 0, 26, 0, 0, 0, 0, 0, 0, 0
90, 23, 52, 18, 10, 0, 0, 24, 0, 0, 0, 0, 0, 0, 0
90, 24, 49, 18, 11, 0, 0, 20, 0, 0, 0, 0, 0, 0, 0
90, 25, 58, 20, 12, 0, 0, 26, 0, 0, 0, 0, 0, 0, 0
90, 63, 44, 18, 0, 0, 0, 26, 0, 0, 0, 0, 0, 0, 0
91, 0, 75, 20, 29, 0, 0, 26, 0, 0, 0, 0, 0, 0, 0
91, 1, 66, 14, 28, 0, 0, 24, 0, 0, 0, 0, 0, 0, 0
91, 2, 105, 18, 47, 3, 4, 28, 5, 0, 0, 0, 0, 0, 0
91, 3, 79, 16, 37, 0, 0, 26, 0, 0, 0, 0, 0, 0, 0
91, 4, 70, 12, 31, 0, 0, 22, 5, 0, 0, 0, 0, 0, 0
91, 5, 86, 20, 39, 3, 4, 20, 0, 0, 0, 0, 0, 0, 0
91, 6, 66, 14, 27, 3, 0, 22, 0, 0, 0, 0, 0, 0, 0
91, 7, 47, 8, 21, 0, 0, 18, 0, 0, 0, 0, 0, 0, 0
91, 8, 54, 16, 14, 0, 0, 24, 0, 0, 0, 0, 0, 0, 0
91, 9, 59, 20, 13, 0, 0, 26, 0, 0, 0, 0, 0, 0, 0
91, 10, 53, 16, 13, 0, 0, 24, 0, 0, 0, 0, 0, 0, 0
91, 11, 59, 18, 15, 0, 0, 26, 0, 0, 0, 0, 0, 0, 0
91, 12, 61, 18, 13, 0, 0, 30, 0, 0, 0, 0, 0, 0, 0
91, 13, 50, 8, 14, 0, 0, 28, 0, 0, 0, 0, 0, 0, 0
91, 14, 53, 20, 11, 0, 0, 22, 0, 0, 0, 0, 0, 0, 0
91, 15, 46, 8, 12, 0, 0, 26, 0, 0, 0, 0, 0, 0, 0
91, 16, 54, 20, 10, 0, 0, 24, 0, 0, 0, 0, 0, 0, 0
91, 18, 62, 20, 16, 0, 0, 26, 0, 0, 0, 0, 0, 0, 0
91, 19, 60, 20, 16, 0, 0, 24, 0, 0, 0, 0, 0, 0, 0
91, 20, 56, 18, 14, 0, 0, 24, 0, 0, 0, 0, 0, 0, 0
91, 21, 61, 20, 13, 0, 0, 28, 0, 0, 0, 0, 0, 0, 0
91, 22, 57, 18, 13, 0, 0, 26, 0, 0, 0, 0, 0, 0, 0
91, 23, 53, 18, 11, 0, 0, 24, 0, 0, 0, 0, 0, 0, 0
91, 24, 49, 18, 11, 0, 0, 20, 0, 0, 0, 0, 0, 0, 0
91, 25, 58, 20, 12, 0, 0, 26, 0, 0, 0, 0, 0, 0, 0
91, 63, 44, 18, 0, 0, 0, 26, 0, 0, 0, 0, 0, 0, 0
92, 0, 75, 20, 29, 0, 0, 26, 0, 0, 0, 0, 0, 0, 0